TITLE,DESCRIPTION,PRICE,CURRENCY_CODE,QUANTITY,TAGS,MATERIALS,IMAGE1,IMAGE2,IMAGE3,IMAGE4,IMAGE5,IMAGE6,IMAGE7,IMAGE8,IMAGE9,IMAGE10,SKU
"Men's 6mm Lab Grown Diamond Wedding Band, 14K Yellow Gold Geometric Ring  Channel Set Anniversary Band Stepped Edge Men’s","Men's 6mm Lab Grown diamond Wedding Band, 14K Yellow Gold Geometric Faceted Ring Minimalist Stackable Ring Eternity Band.

💎 Handcrafted & Made to Order
Every piece we make is done to order right here in our Surat workshop. We never grab pre-made items off a shelf. Our team casts the metal and sets your stones one by one, which means your jewelry gets a proper, secure setting that can handle everyday life. If you need an engagement ring or just want a new piece for yourself, we put it together the right way.
━━━━━━━━━━━━━━━━━━

💎 Center Stone Specifications
* Band width :- 6 mm
• Stone Shape :- Brilliant Round Cut
• Stone Type :- Lab grown diamond 
• Stone Weight :- 3.60 Carat
• Color :- D
• Clarity :- VVS1
• Cut: Excellent
-----------------
• Setting :- Individually set diamond border
• Design :- Beveled geometric and faceted center
• Finish :- High-polish reflective finish
• Style :- Modern, architectural and luxurious
• Suitable for :- Men, women and gender-neutral styling


🏆 Metal Options
✓ 10K Solid Gold
✓ 14K Solid Gold
✓ 18K Solid Gold

Available Colors:
🟡 Yellow Gold | ⚪ White Gold | 🩷 Rose Gold

Silver Option:
✓ 935 Argentium Silver
━━━━━━━━━━━━━━━━━━

🎨 Customize Your Design
We handle both loose diamond sourcing and finished custom jewelry in-house, so changing up a design is no problem at all.

✔️ Want a bigger center stone?
✔️ Need a different prong style?
✔️ Looking for a matching band?
✔️ Need help sourcing a specific stone?
✔️ Want a totally new custom design?

Send over a message and we can work out the details.
━━━━━━━━━━━━━━━━━━

🚚 Production & Delivery
⏱️ Crafting Time: Give us 7 to 12 business days to make it.
🌎 Delivery: Secure shipping anywhere in the world.
🎁 Packaging: Arrives packed and ready to gift.
━━━━━━━━━━━━━━━━━━

📋 Cancellations & Returns
* Canceled within 3 hours: 10% fee applies.
* Canceled after 6 hours: 20% fee applies.
* Returns: Let us know within 7 days of delivery. Keep in mind that anything custom-made, personalized, or engraved is a final sale.
━━━━━━━━━━━━━━━━━━

❤️ About Floksy Jewel
Floksy Jewel is an actual manufacturing workshop based in Surat. We do not use middlemen. We source the loose lab-grown and natural diamonds ourselves, and we cast and polish the final custom jewelry right here. That means you get the piece straight from the source.

📩 Reach out if you need advice on picking a stone or want to start a custom build!",3696,USD,10,"Engagement_Ring,Wedding_Ring,Anniversary_Gift,Lab_Grown_Diamond,Free_Engraving,Handmade_Jewelery,14K_Gold,Vintage_Ring,IGI_Certified,promise_ring,Eternity_band,Stackable_Ring,Cushion_diamond_band","14k,10k,18k,Gold vermeil,Gold filled,Solid gold,Gold plated,Yellow gold,Rose gold,White gold,Silver,Diamond",https://i.etsystatic.com/67240768/r/il/453138/8396953896/il_fullxfull.8396953896_aubz.jpg,https://i.etsystatic.com/67240768/r/il/66a436/8444828445/il_fullxfull.8444828445_jogh.jpg,https://i.etsystatic.com/67240768/r/il/e1ee1c/8444828521/il_fullxfull.8444828521_al5k.jpg,https://i.etsystatic.com/67240768/r/il/9fc524/8396945910/il_fullxfull.8396945910_56fg.jpg,https://i.etsystatic.com/67240768/r/il/fbcb98/8396945914/il_fullxfull.8396945914_8u1h.jpg,https://i.etsystatic.com/67240768/r/il/d12435/8396945912/il_fullxfull.8396945912_7jec.jpg,https://i.etsystatic.com/67240768/r/il/f1493a/8444828441/il_fullxfull.8444828441_jlw9.jpg,https://i.etsystatic.com/67240768/r/il/11e908/8444828519/il_fullxfull.8444828519_gxmw.jpg,https://i.etsystatic.com/67240768/r/il/d48b31/8396945916/il_fullxfull.8396945916_bk6b.jpg,https://i.etsystatic.com/67240768/r/il/0d0b60/8396947014/il_fullxfull.8396947014_6voj.jpg,FJC00062| 4-5
"2CT Marquise Lab Diamond Engagement Ring, Hidden Halo, Pink Sapphire Band (IGI Certified)","2CT Marquise Lab diamond Bridal Set, Hidden Halo Engagement Ring, Pink Sapphire Band | IGI Certified | Bridal Ring

💎 Handcrafted & Made to Order
Every piece we make is done to order right here in our Surat workshop. We never grab pre-made items off a shelf. Our team casts the metal and sets your stones one by one, which means your jewelry gets a proper, secure setting that can handle everyday life. If you need an engagement ring or just want a new piece for yourself, we put it together the right way.
━━━━━━━━━━━━━━━━━━

💎 Center Stone Specifications
* Category: Lab Grown Diamond
* Shape: 2CT MARQUES 
* Color: E
* Clarity: VVS2
* Cut: Excellent
* Polish & Symmetry: Excellent
* Certificate: IGI
━━━━━━━━━━━━━━━━━━
Side Stones Shape :-Round Cut
• Stone Weight :- 70 Carat
• Color :- F
• Clarity :- VS

🏆 Metal Options
✓ 10K Solid Gold
✓ 14K Solid Gold
✓ 18K Solid Gold

Available Colors:
🟡 Yellow Gold | ⚪ White Gold | 🩷 Rose Gold

Silver Option:
✓ 935 Argentium Silver
━━━━━━━━━━━━━━━━━━
Perfect For :-
---------------
Engagements
Weddings
Anniversaries
Valentine's Day Gifts
Birthday Gifts
Bridal Shower Gifts
Promise Rings
Luxury Jewelry Collectors

🎨 Customize Your Design
We handle both loose diamond sourcing and finished custom jewelry in-house, so changing up a design is no problem at all.

✔️ Want a bigger center stone?
✔️ Need a different prong style?
✔️ Looking for a matching band?
✔️ Need help sourcing a specific stone?
✔️ Want a totally new custom design?

Send over a message and we can work out the details.
━━━━━━━━━━━━━━━━━━

🚚 Production & Delivery
⏱️ Crafting Time: Give us 7 to 12 business days to make it.
🌎 Delivery: Secure shipping anywhere in the world.
🎁 Packaging: Arrives packed and ready to gift.
━━━━━━━━━━━━━━━━━━

📋 Cancellations & Returns
* Canceled within 3 hours: 10% fee applies.
* Canceled after 6 hours: 20% fee applies.
* Returns: Let us know within 7 days of delivery. Keep in mind that anything custom-made, personalized, or engraved is a final sale.
━━━━━━━━━━━━━━━━━━

❤️ About Floksy Jewel
Floksy Jewel is an actual manufacturing workshop based in Surat. We do not use middlemen. We source the loose lab-grown and natural diamonds ourselves, and we cast and polish the final custom jewelry right here. That means you get the piece straight from the source.

📩 Reach out if you need advice on picking a stone or want to start a custom build!",4277,USD,5,"Engagement_Ring,Wedding_Ring,Anniversary_Gift,Lab_Grown_Diamond,Gift_For_Her,Free_Engraving,Handmade_Jewelery,14K_Gold,Vintage_Ring,Prong_Setting_Ring,IGI_Certified,Marquise_ring,promise_ring","14k,10k,18k,Gold vermeil,Gold filled,Solid gold,Gold plated,Yellow gold,Rose gold,White gold,Silver,Diamond",https://i.etsystatic.com/67240768/r/il/c7483b/8396926830/il_fullxfull.8396926830_52st.jpg,https://i.etsystatic.com/67240768/r/il/69b8b6/8396925682/il_fullxfull.8396925682_t2gp.jpg,https://i.etsystatic.com/67240768/r/il/9bcac3/8444808415/il_fullxfull.8444808415_neuv.jpg,https://i.etsystatic.com/67240768/r/il/605ffb/8444808419/il_fullxfull.8444808419_eyg9.jpg,https://i.etsystatic.com/67240768/r/il/daf622/8444808417/il_fullxfull.8444808417_7z4a.jpg,https://i.etsystatic.com/67240768/r/il/5d2093/8444808749/il_fullxfull.8444808749_kh7x.jpg,https://i.etsystatic.com/67240768/r/il/f76ec3/8444808743/il_fullxfull.8444808743_t8cs.jpg,https://i.etsystatic.com/67240768/r/il/ca07d5/8396926042/il_fullxfull.8396926042_iw5z.jpg,https://i.etsystatic.com/67240768/r/il/d18f60/8396926038/il_fullxfull.8396926038_6s6k.jpg,https://i.etsystatic.com/67240768/r/il/d50517/8396926050/il_fullxfull.8396926050_fp88.jpg,FJC0061 | 4-5
"4 CT PEAR  Cut Lab Grown Diamond Engagement Ring, Solitaire Promise Ring, 14K Gold Wedding Ring for Women, Bridal Jewelry","4 CT PEAR  Cut Lab Grown Diamond Engagement Ring, Solitaire Promise Ring, 14K Gold Wedding Ring for Women, Bridal Jewelry

💎 Handcrafted & Made to Order
Every piece we make is done to order right here in our Surat workshop. We never grab pre-made items off a shelf. Our team casts the metal and sets your stones one by one, which means your jewelry gets a proper, secure setting that can handle everyday life. If you need an engagement ring or just want a new piece for yourself, we put it together the right way.
━━━━━━━━━━━━━━━━━━

💎 Center Stone Specifications
* Category: Lab Grown Diamond
* Shape:4CT PEAR
* Color: E
* Clarity: VVS2
* Cut: Excellent
* Polish & Symmetry: Excellent
* Certificate: IGI
━━━━━━━━━━━━━━━━━━
• Side Stones Shape :- Round Cut
• Stone Weight :- 0.12 Carat
• Color :- D-F
• Clarity :- VVS


🏆 Metal Options
✓ 10K Solid Gold
✓ 14K Solid Gold
✓ 18K Solid Gold

Available Colors:
🟡 Yellow Gold | ⚪ White Gold | 🩷 Rose Gold

Silver Option:
✓ 935 Argentium Silver
━━━━━━━━━━━━━━━━━━

🎨 Customize Your Design
We handle both loose diamond sourcing and finished custom jewelry in-house, so changing up a design is no problem at all.

✔️ Want a bigger center stone?
✔️ Need a different prong style?
✔️ Looking for a matching band?
✔️ Need help sourcing a specific stone?
✔️ Want a totally new custom design?

Send over a message and we can work out the details.
━━━━━━━━━━━━━━━━━━

🚚 Production & Delivery
⏱️ Crafting Time: Give us 7 to 12 business days to make it.
🌎 Delivery: Secure shipping anywhere in the world.
🎁 Packaging: Arrives packed and ready to gift.
━━━━━━━━━━━━━━━━━━

📋 Cancellations & Returns
* Canceled within 3 hours: 10% fee applies.
* Canceled after 6 hours: 20% fee applies.
* Returns: Let us know within 7 days of delivery. Keep in mind that anything custom-made, personalized, or engraved is a final sale.
━━━━━━━━━━━━━━━━━━

❤️ About Floksy Jewel
Floksy Jewel is an actual manufacturing workshop based in Surat. We do not use middlemen. We source the loose lab-grown and natural diamonds ourselves, and we cast and polish the final custom jewelry right here. That means you get the piece straight from the source.

📩 Reach out if you need advice on picking a stone or want to start a custom build!",4850,USD,10,"Engagement_Ring,Wedding_Ring,Anniversary_Gift,Lab_Grown_Diamond,Gift_For_Her,Free_Engraving,Handmade_Jewelery,14K_Gold,Vintage_Ring,Prong_Setting_Ring,IGI_Certified,promise_ring,Pear_shape_ring","14k,10k,18k,Gold vermeil,Gold filled,Solid gold,Gold plated,Yellow gold,Rose gold,White gold,Silver,Diamond",https://i.etsystatic.com/67240768/r/il/d61b7d/8442700845/il_fullxfull.8442700845_5u3j.jpg,https://i.etsystatic.com/67240768/r/il/d2a138/8442652343/il_fullxfull.8442652343_ksdh.jpg,https://i.etsystatic.com/67240768/r/il/2ff6c5/8442652461/il_fullxfull.8442652461_66zz.jpg,https://i.etsystatic.com/67240768/r/il/d82987/8442652883/il_fullxfull.8442652883_hib7.jpg,https://i.etsystatic.com/67240768/r/il/9860aa/8442652431/il_fullxfull.8442652431_qx2r.jpg,https://i.etsystatic.com/67240768/r/il/819068/8394771186/il_fullxfull.8394771186_emjr.jpg,https://i.etsystatic.com/67240768/r/il/51e139/8442653857/il_fullxfull.8442653857_1wp9.jpg,https://i.etsystatic.com/67240768/r/il/dc3a9b/8442653875/il_fullxfull.8442653875_n8la.jpg,https://i.etsystatic.com/67240768/r/il/4bfd97/8442653947/il_fullxfull.8442653947_9nql.jpg,,FJC0060| 4-5
2.5CT Marquise Lab Grown Diamond Engagement Ring  Bridal Ring Unique Proposal Ring for Her Six Claw Prong Setting Ring.,"2.5CT Marquise Diamond Engagement Ring Genuine Lab Grown Diamond Anniversary Ring Unique Proposal Ring for Her Six Claw Prong Setting Ring IGI Certified | Bridal Ring.

💎 Handcrafted & Made to Order
Every piece we make is done to order right here in our Surat workshop. We never grab pre-made items off a shelf. Our team casts the metal and sets your stones one by one, which means your jewelry gets a proper, secure setting that can handle everyday life. If you need an engagement ring or just want a new piece for yourself, we put it together the right way.
━━━━━━━━━━━━━━━━━━

💎 Center Stone Specifications
* Category: Lab Grown Diamond
* Shape:2.5 CT MARQUES 
* Color: E
* Clarity: VVS2
* Cut: Excellent
* Polish & Symmetry: Excellent
* Certificate: IGI
━━━━━━━━━━━━━━━━━━
• Side Stones Shape :- Round Cut
• Stone Weight :-0.7 Carat
• Color :- F
• Clarity :- VVS2

Setting style :-SIX Claw Prong setting
Halo :- Hidden halo beneath the center stone
Finish :- High-polish finish
Style :- Modern, glamorous and statement-inspired
Ideal for :- Engagement, proposal, anniversary or bridal jewelry

🏆 Metal Options
✓ 10K Solid Gold
✓ 14K Solid Gold
✓ 18K Solid Gold

Available Colors:
🟡 Yellow Gold | ⚪ White Gold | 🩷 Rose Gold

Silver Option:
✓ 935 Argentium Silver
━━━━━━━━━━━━━━━━━━

🎨 Customize Your Design
We handle both loose diamond sourcing and finished custom jewelry in-house, so changing up a design is no problem at all.

✔️ Want a bigger center stone?
✔️ Need a different prong style?
✔️ Looking for a matching band?
✔️ Need help sourcing a specific stone?
✔️ Want a totally new custom design?

Send over a message and we can work out the details.
━━━━━━━━━━━━━━━━━━

🚚 Production & Delivery
⏱️ Crafting Time: Give us 7 to 12 business days to make it.
🌎 Delivery: Secure shipping anywhere in the world.
🎁 Packaging: Arrives packed and ready to gift.
━━━━━━━━━━━━━━━━━━

📋 Cancellations & Returns
* Canceled within 3 hours: 10% fee applies.
* Canceled after 6 hours: 20% fee applies.
* Returns: Let us know within 7 days of delivery. Keep in mind that anything custom-made, personalized, or engraved is a final sale.
━━━━━━━━━━━━━━━━━━

❤️ About Floksy Jewel
Floksy Jewel is an actual manufacturing workshop based in Surat. We do not use middlemen. We source the loose lab-grown and natural diamonds ourselves, and we cast and polish the final custom jewelry right here. That means you get the piece straight from the source.

📩 Reach out if you need advice on picking a stone or want to start a custom build!",4445,USD,7,"Engagement_Ring,Wedding_Ring,Anniversary_Gift,Lab_Grown_Diamond,Gift_For_Her,Free_Engraving,Handmade_Jewelery,14K_Gold,Vintage_Ring,IGI_Certified,Marquise_ring,promise_ring,Six_Claw_Prong","14k,10k,18k,Gold vermeil,Gold filled,Solid gold,Gold plated,Yellow gold,Rose gold,White gold,Silver,Diamond",https://i.etsystatic.com/67240768/r/il/a7faac/8394744140/il_fullxfull.8394744140_gqn2.jpg,https://i.etsystatic.com/67240768/r/il/67840d/8442592017/il_fullxfull.8442592017_ci4x.jpg,https://i.etsystatic.com/67240768/r/il/85aea3/8442591723/il_fullxfull.8442591723_4pqt.jpg,https://i.etsystatic.com/67240768/r/il/2e5028/8394710822/il_fullxfull.8394710822_9xe0.jpg,https://i.etsystatic.com/67240768/r/il/0e2ead/8394710036/il_fullxfull.8394710036_o72t.jpg,https://i.etsystatic.com/67240768/r/il/49412a/8394710932/il_fullxfull.8394710932_46pl.jpg,https://i.etsystatic.com/67240768/r/il/aae16e/8394714616/il_fullxfull.8394714616_neue.jpg,https://i.etsystatic.com/67240768/r/il/d281a4/8442595669/il_fullxfull.8442595669_8486.jpg,https://i.etsystatic.com/67240768/r/il/f67553/8394714904/il_fullxfull.8394714904_n1ni.jpg,https://i.etsystatic.com/67240768/r/il/777ff5/8394714686/il_fullxfull.8394714686_qi94.jpg,FJC0059 | 4-5
"3 CT Emerald Cut Engagement Ring, Lab Grown Diamond, Wedding Gift for Women Anniversary Gift, Ring for Her IGI Certified","3 CT Emerald Cut Engagement Ring, Lab Grown Diamond, Wedding Gift for Women Anniversary Gift, Ring for Her IGI Certified.

💎 Handcrafted & Made to Order
Every piece we make is done to order right here in our Surat workshop. We never grab pre-made items off a shelf. Our team casts the metal and sets your stones one by one, which means your jewelry gets a proper, secure setting that can handle everyday life. If you need an engagement ring or just want a new piece for yourself, we put it together the right way.
━━━━━━━━━━━━━━━━━━

💎 Center Stone Specifications
* Category: Lab Grown Diamond
* Shape: 3 CT Emerald Cut
* Color: E
* Clarity: VVS2
* Cut: Excellent
* Polish & Symmetry: Excellent
* Certificate: IGI
-------------------
• Side Stones Weight :- 0..30 CT
• Side Stones Cut :- Round and Pear  Cut
• Style :- Modern Luxury / Statement Engagement Ring
• Finish :- High Polish

Perfect For:
---------------
Engagements, anniversaries, proposals, milestone gifts, bridal jewelry, luxury everyday wear.


🏆 Metal Options
✓ 10K Solid Gold
✓ 14K Solid Gold
✓ 18K Solid Gold

Available Colors:
🟡 Yellow Gold | ⚪ White Gold | 🩷 Rose Gold

Silver Option:
✓ 935 Argentium Silver
━━━━━━━━━━━━━━━━━━

🎨 Customize Your Design
We handle both loose diamond sourcing and finished custom jewelry in-house, so changing up a design is no problem at all.

✔️ Want a bigger center stone?
✔️ Need a different prong style?
✔️ Looking for a matching band?
✔️ Need help sourcing a specific stone?
✔️ Want a totally new custom design?

Send over a message and we can work out the details.
━━━━━━━━━━━━━━━━━━

🚚 Production & Delivery
⏱️ Crafting Time: Give us 7 to 12 business days to make it.
🌎 Delivery: Secure shipping anywhere in the world.
🎁 Packaging: Arrives packed and ready to gift.
━━━━━━━━━━━━━━━━━━

📋 Cancellations & Returns
* Canceled within 3 hours: 10% fee applies.
* Canceled after 6 hours: 20% fee applies.
* Returns: Let us know within 7 days of delivery. Keep in mind that anything custom-made, personalized, or engraved is a final sale.
━━━━━━━━━━━━━━━━━━

❤️ About Floksy Jewel
Floksy Jewel is an actual manufacturing workshop based in Surat. We do not use middlemen. We source the loose lab-grown and natural diamonds ourselves, and we cast and polish the final custom jewelry right here. That means you get the piece straight from the source.

📩 Reach out if you need advice on picking a stone or want to start a custom build!",4528,USD,5,"Engagement_Ring,Wedding_Ring,Anniversary_Gift,Lab_Grown_Diamond,Free_Engraving,Handmade_Jewelery,14K_Gold,Prong_Setting_Ring,IGI_Certified,promise_ring,Women_Emerald_ring,Gift_for_mom,vintage_ring","14k,10k,18k,Gold vermeil,Gold filled,Solid gold,Gold plated,Yellow gold,Rose gold,White gold,Silver,Diamond",https://i.etsystatic.com/67240768/r/il/3dfb39/8442568431/il_fullxfull.8442568431_m1m1.jpg,https://i.etsystatic.com/67240768/r/il/ffaeb6/8442557545/il_fullxfull.8442557545_jn8x.jpg,https://i.etsystatic.com/67240768/r/il/18fbfe/8394675460/il_fullxfull.8394675460_1ywp.jpg,https://i.etsystatic.com/67240768/r/il/7b8203/8442557685/il_fullxfull.8442557685_kbgf.jpg,https://i.etsystatic.com/67240768/r/il/ce9ee4/8394675788/il_fullxfull.8394675788_8pd9.jpg,https://i.etsystatic.com/67240768/r/il/d98b7f/8442557909/il_fullxfull.8442557909_ctac.jpg,https://i.etsystatic.com/67240768/r/il/cde767/8442563061/il_fullxfull.8442563061_41b0.jpg,https://i.etsystatic.com/67240768/r/il/43ee9e/8394681186/il_fullxfull.8394681186_gdkh.jpg,https://i.etsystatic.com/67240768/r/il/597e07/8442563349/il_fullxfull.8442563349_95so.jpg,https://i.etsystatic.com/67240768/r/il/951ef2/8442563579/il_fullxfull.8442563579_ag87.jpg,FJC0058 | 4-5
"6.00 TCW Radiant Cut IGI Lab grown Diamond drop Earrings, Minimalist Earring IGI Certified 14K Gold  Elegant Bridal Gift | Statement Studs","6.00 TCW Radiant Cut IGI Lab grown Diamond drop Earrings, Minimalist Earring IGI Certified 14K Gold  Elegant Bridal Gift | Statement Studs

💎 Handcrafted & Made to Order
Every piece we make is done to order right here in our Surat workshop. We never grab pre-made items off a shelf. Our team casts the metal and sets your stones one by one, which means your jewelry gets a proper, secure setting that can handle everyday life. If you need an engagement ring or just want a new piece for yourself, we put it together the right way.
━━━━━━━━━━━━━━━━━━

💎 Center Stone Specifications
* Category: Lab Grown Diamond
* Shape: 6 CT Radiant 
* Color: E
* Clarity: VVS2
* Cut: Excellent
* Polish & Symmetry: Excellent
* Certificate: IGI
━━━━━━━━━━━━━━━━━━
🏆 Metal Options
✓ 10K Solid Gold
✓ 14K Solid Gold
✓ 18K Solid Gold

Available Colors:
🟡 Yellow Gold | ⚪ White Gold | 🩷 Rose Gold

Silver Option:
✓ 935 Argentium Silver
━━━━━━━━━━━━━━━━━━

🎨 Customize Your Design
We handle both loose diamond sourcing and finished custom jewelry in-house, so changing up a design is no problem at all.

✔️ Want a bigger center stone?
✔️ Need a different prong style?
✔️ Looking for a matching band?
✔️ Need help sourcing a specific stone?
✔️ Want a totally new custom design?

Send over a message and we can work out the details.
━━━━━━━━━━━━━━━━━━

🚚 Production & Delivery
⏱️ Crafting Time: Give us 7 to 12 business days to make it.
🌎 Delivery: Secure shipping anywhere in the world.
🎁 Packaging: Arrives packed and ready to gift.
━━━━━━━━━━━━━━━━━━

📋 Cancellations & Returns
* Canceled within 3 hours: 10% fee applies.
* Canceled after 6 hours: 20% fee applies.
* Returns: Let us know within 7 days of delivery. Keep in mind that anything custom-made, personalized, or engraved is a final sale.
━━━━━━━━━━━━━━━━━━

❤️ About Floksy Jewel
Floksy Jewel is an actual manufacturing workshop based in Surat. We do not use middlemen. We source the loose lab-grown and natural diamonds ourselves, and we cast and polish the final custom jewelry right here. That means you get the piece straight from the source.

📩 Reach out if you need advice on picking a stone or want to start a custom build!",5154,USD,10,"Anniversary_Gift,Lab_Grown_Diamond,Gift_For_Her,Free_Engraving,Handmade_Jewelery,14K_Gold,Vintage_Ring,Prong_Setting_Ring,IGI_Certified,stud_earrings,Gift_for_wife,Radiant_earring,drop_rings","14k,10k,18k,Gold vermeil,Gold filled,Solid gold,Gold plated,Yellow gold,Rose gold,White gold,Silver,Diamond",https://i.etsystatic.com/67240768/r/il/3ffb89/8440702247/il_fullxfull.8440702247_m97q.jpg,https://i.etsystatic.com/67240768/r/il/2a5c72/8392817110/il_fullxfull.8392817110_jk4j.jpg,https://i.etsystatic.com/67240768/r/il/487718/8392817326/il_fullxfull.8392817326_tfy2.jpg,https://i.etsystatic.com/67240768/r/il/a7126b/8392817374/il_fullxfull.8392817374_rp2n.jpg,https://i.etsystatic.com/67240768/r/il/f0ec8b/8392817312/il_fullxfull.8392817312_he0f.jpg,https://i.etsystatic.com/67240768/r/il/452f48/8440701263/il_fullxfull.8440701263_7tco.jpg,https://i.etsystatic.com/67240768/r/il/f8368b/8392817798/il_fullxfull.8392817798_f4jg.jpg,https://i.etsystatic.com/67240768/r/il/048483/8392817924/il_fullxfull.8392817924_sk24.jpg,https://i.etsystatic.com/67240768/r/il/cab3b8/8440701401/il_fullxfull.8440701401_mswa.jpg,https://i.etsystatic.com/67240768/r/il/7c9586/8392817928/il_fullxfull.8392817928_fl27.jpg,FJC0057| 4-5
"2ct Portuguese Cut Lab Diamond Ring, 14K Gold Marquise Bubble Band, Pavé Prongs (Certified)","2ct Portuguese Cut Lab diamond Ring, 14K Gold Marquise Bubble Band, Pavé Prongs Engagement Ring | IGI Certified

💎 Handcrafted & Made to Order
Every piece we make is done to order right here in our Surat workshop. We never grab pre-made items off a shelf. Our team casts the metal and sets your stones one by one, which means your jewelry gets a proper, secure setting that can handle everyday life. If you need an engagement ring or just want a new piece for yourself, we put it together the right way.
━━━━━━━━━━━━━━━━━━

💎 Center Stone Specifications
• Center Stone Shape :- Portuguese cut
• Center Stone Type :- CVD AND HTHP DIAMOND
• Stone Weight :- 2.00 Carat
• Color :- F
• Clarity :- VVS1

• Setting details :- Diamond-accented pavé prongs
• Band style :- Marquise and round bubble band
• Ring style :- Statement engagement or anniversary ring
• Finish :- High-polish
• Made to order

🏆 Metal Options
✓ 10K Solid Gold
✓ 14K Solid Gold
✓ 18K Solid Gold

Available Colors:
🟡 Yellow Gold | ⚪ White Gold | 🩷 Rose Gold

Silver Option:
✓ 935 Argentium Silver
━━━━━━━━━━━━━━━━━━
Setting Style :-
------------------
Floral Flower Prongs
Marquise Bubble Eternity Style Band
High Profile Designer Setting

---------------------------------------------
Perfect For :-
---------------
Engagement
Proposal
Anniversary
Wedding
Valentine's Day
Birthday Gift
Christmas Gift
Luxury Jewelry Collection
Bridal Jewelry
Promise Ring

🎨 Customize Your Design
We handle both loose diamond sourcing and finished custom jewelry in-house, so changing up a design is no problem at all.

✔️ Want a bigger center stone?
✔️ Need a different prong style?
✔️ Looking for a matching band?
✔️ Need help sourcing a specific stone?
✔️ Want a totally new custom design?

Send over a message and we can work out the details.
━━━━━━━━━━━━━━━━━━

🚚 Production & Delivery
⏱️ Crafting Time: Give us 7 to 12 business days to make it.
🌎 Delivery: Secure shipping anywhere in the world.
🎁 Packaging: Arrives packed and ready to gift.
━━━━━━━━━━━━━━━━━━

📋 Cancellations & Returns
* Canceled within 3 hours: 10% fee applies.
* Canceled after 6 hours: 20% fee applies.
* Returns: Let us know within 7 days of delivery. Keep in mind that anything custom-made, personalized, or engraved is a final sale.
━━━━━━━━━━━━━━━━━━

❤️ About Floksy Jewel
Floksy Jewel is an actual manufacturing workshop based in Surat. We do not use middlemen. We source the loose lab-grown and natural diamonds ourselves, and we cast and polish the final custom jewelry right here. That means you get the piece straight from the source.

📩 Reach out if you need advice on picking a stone or want to start a custom build!",4209,USD,10,"Engagement_Ring,Wedding_Ring,Anniversary_Gift,Lab_Grown_Diamond,Gift_For_Her,Handmade_Jewelery,14K_Gold,Vintage_Ring,Prong_Setting_Ring,IGI_Certified,ROUND_diamond_ring,Floral_Prongs,Portuguese_Cut_ring","14k,10k,18k,Gold vermeil,Gold filled,Solid gold,Gold plated,Yellow gold,Rose gold,White gold,Silver,Diamond",https://i.etsystatic.com/67240768/r/il/9b6bd8/8440677735/il_fullxfull.8440677735_b9di.jpg,https://i.etsystatic.com/67240768/r/il/e41f23/8440677739/il_fullxfull.8440677739_q53q.jpg,https://i.etsystatic.com/67240768/r/il/bbb6a1/8392794928/il_fullxfull.8392794928_cope.jpg,https://i.etsystatic.com/67240768/r/il/b1319b/8392794708/il_fullxfull.8392794708_ml0t.jpg,https://i.etsystatic.com/67240768/r/il/1c2a74/8392794804/il_fullxfull.8392794804_fgfr.jpg,https://i.etsystatic.com/67240768/r/il/a17d26/8392794846/il_fullxfull.8392794846_3jwa.jpg,https://i.etsystatic.com/67240768/r/il/881bf9/8440678141/il_fullxfull.8440678141_llw6.jpg,,,,FJC0056 | 4-5
"2CT PEAR  Cut Lab Grown Diamond Engagement Ring, Solitaire Promise Ring, 14K Gold Wedding Ring for Women, Bridal Jewelry","2CT PEAR  Cut Lab Grown Diamond Engagement Ring, Solitaire Promise Ring, 14K Gold Wedding Ring for Women, Bridal Jewelry

💎 Handcrafted & Made to Order
Every piece we make is done to order right here in our Surat workshop. We never grab pre-made items off a shelf. Our team casts the metal and sets your stones one by one, which means your jewelry gets a proper, secure setting that can handle everyday life. If you need an engagement ring or just want a new piece for yourself, we put it together the right way.
━━━━━━━━━━━━━━━━━━

💎 Center Stone Specifications
* Category: Lab Grown Diamond
* Shape: 2CT PEAR
* Color: E
* Clarity: VVS2
* Cut: Excellent
* Polish & Symmetry: Excellent
* Certificate: IGI
━━━━━━━━━━━━━━━━━━
🏆 Metal Options
✓ 10K Solid Gold
✓ 14K Solid Gold
✓ 18K Solid Gold

Available Colors:
🟡 Yellow Gold | ⚪ White Gold | 🩷 Rose Gold

Silver Option:
✓ 935 Argentium Silver
━━━━━━━━━━━━━━━━━━

🎨 Customize Your Design
We handle both loose diamond sourcing and finished custom jewelry in-house, so changing up a design is no problem at all.

✔️ Want a bigger center stone?
✔️ Need a different prong style?
✔️ Looking for a matching band?
✔️ Need help sourcing a specific stone?
✔️ Want a totally new custom design?

Send over a message and we can work out the details.
━━━━━━━━━━━━━━━━━━

🚚 Production & Delivery
⏱️ Crafting Time: Give us 7 to 12 business days to make it.
🌎 Delivery: Secure shipping anywhere in the world.
🎁 Packaging: Arrives packed and ready to gift.
━━━━━━━━━━━━━━━━━━

📋 Cancellations & Returns
* Canceled within 3 hours: 10% fee applies.
* Canceled after 6 hours: 20% fee applies.
* Returns: Let us know within 7 days of delivery. Keep in mind that anything custom-made, personalized, or engraved is a final sale.
━━━━━━━━━━━━━━━━━━

❤️ About Floksy Jewel
Floksy Jewel is an actual manufacturing workshop based in Surat. We do not use middlemen. We source the loose lab-grown and natural diamonds ourselves, and we cast and polish the final custom jewelry right here. That means you get the piece straight from the source.

📩 Reach out if you need advice on picking a stone or want to start a custom build!",4209,USD,10,"Engagement_Ring,Wedding_Ring,Anniversary_Gift,Lab_Grown_Diamond,Gift_For_Her,Free_Engraving,Handmade_Jewelery,14K_Gold,Vintage_Ring,Prong_Setting_Ring,IGI_Certified,promise_ring,Pear_shape_ring","14k,10k,18k,Gold vermeil,Gold filled,Solid gold,Gold plated,Yellow gold,Rose gold,White gold,Silver,Diamond",https://i.etsystatic.com/67240768/r/il/2288ab/8392754536/il_fullxfull.8392754536_9x5t.jpg,https://i.etsystatic.com/67240768/r/il/f12044/8392753864/il_fullxfull.8392753864_hcc3.jpg,https://i.etsystatic.com/67240768/r/il/c85bb7/8440636769/il_fullxfull.8440636769_ryj7.jpg,https://i.etsystatic.com/67240768/r/il/632245/8440636761/il_fullxfull.8440636761_ed4q.jpg,https://i.etsystatic.com/67240768/r/il/65a9c2/8392753858/il_fullxfull.8392753858_mduv.jpg,https://i.etsystatic.com/67240768/r/il/ea3537/8440636775/il_fullxfull.8440636775_1m2g.jpg,https://i.etsystatic.com/67240768/r/il/adb5c0/8392753870/il_fullxfull.8392753870_srf7.jpg,,,,FJC0055 | 4-5
"4CT Round Lab Grown Diamond Engagement Ring Set, twisted band ring Pave Wedding Band (IGI Certified)","7CT Round Lab Grown diamond  Engagement Ring, 14K Gold Marquise Bubble Band, Floral Prongs | IGI Certified

💎 Handcrafted & Made to Order
Every piece we make is done to order right here in our Surat workshop. We never grab pre-made items off a shelf. Our team casts the metal and sets your stones one by one, which means your jewelry gets a proper, secure setting that can handle everyday life. If you need an engagement ring or just want a new piece for yourself, we put it together the right way.
━━━━━━━━━━━━━━━━━━

💎 Center Stone Specifications
* Category: Lab Grown Diamond
* Shape:4 CT ROUND 
* Color: E
* Clarity: VVS2
* Cut: Excellent
* Polish & Symmetry: Excellent
* Certificate: IGI
━━━━━━━━━━━━━━━━━━
Side Stones :
Total Carat Weight - 2 Carat
Shape -Round Cut
Color - E-F
Clarity - VVS

🏆 Metal Options
✓ 10K Solid Gold
✓ 14K Solid Gold
✓ 18K Solid Gold

Available Colors:
🟡 Yellow Gold | ⚪ White Gold | 🩷 Rose Gold

Silver Option:
✓ 935 Argentium Silver
━━━━━━━━━━━━━━━━━━

Perfect For :-
---------------
Engagement
Proposal
Anniversary
Wedding
Valentine's Day
Birthday Gift
Christmas Gift
Luxury Jewelry Collection
Bridal Jewelry
Promise Ring.
Twisted band ring.


🎨 Customize Your Design
We handle both loose diamond sourcing and finished custom jewelry in-house, so changing up a design is no problem at all.

✔️ Want a bigger center stone?
✔️ Need a different prong style?
✔️ Looking for a matching band?
✔️ Need help sourcing a specific stone?
✔️ Want a totally new custom design?

Send over a message and we can work out the details.
━━━━━━━━━━━━━━━━━━

🚚 Production & Delivery
⏱️ Crafting Time: Give us 7 to 12 business days to make it.
🌎 Delivery: Secure shipping anywhere in the world.
🎁 Packaging: Arrives packed and ready to gift.
━━━━━━━━━━━━━━━━━━

📋 Cancellations & Returns
* Canceled within 3 hours: 10% fee applies.
* Canceled after 6 hours: 20% fee applies.
* Returns: Let us know within 7 days of delivery. Keep in mind that anything custom-made, personalized, or engraved is a final sale.
━━━━━━━━━━━━━━━━━━

❤️ About Floksy Jewel
Floksy Jewel is an actual manufacturing workshop based in Surat. We do not use middlemen. We source the loose lab-grown and natural diamonds ourselves, and we cast and polish the final custom jewelry right here. That means you get the piece straight from the source.

📩 Reach out if you need advice on picking a stone or want to start a custom build!",4895,USD,10,"Engagement_Ring,Wedding_Ring,Anniversary_Gift,Lab_Grown_Diamond,Gift_For_Her,Handmade_Jewelery,14K_Gold,Vintage_Ring,Prong_Setting_Ring,IGI_Certified,ROUND_diamond_ring,twisted_band_ring,real_diamond_ring","14k,10k,18k,Gold vermeil,Gold filled,Solid gold,Gold plated,Yellow gold,Rose gold,White gold,Silver,Diamond",https://i.etsystatic.com/67240768/r/il/5fe5ee/8382902018/il_fullxfull.8382902018_bue8.jpg,https://i.etsystatic.com/67240768/r/il/fe7e4b/8430771875/il_fullxfull.8430771875_f93v.jpg,https://i.etsystatic.com/67240768/r/il/0ea6c6/8430771153/il_fullxfull.8430771153_ikzm.jpg,https://i.etsystatic.com/67240768/r/il/1766bb/8382899576/il_fullxfull.8382899576_g6ty.jpg,https://i.etsystatic.com/67240768/r/il/d6cd96/8382899582/il_fullxfull.8382899582_52ms.jpg,https://i.etsystatic.com/67240768/r/il/997ac1/8382899578/il_fullxfull.8382899578_s7db.jpg,https://i.etsystatic.com/67240768/r/il/c36a9e/8430771199/il_fullxfull.8430771199_tcng.jpg,https://i.etsystatic.com/67240768/r/il/691e92/8382900246/il_fullxfull.8382900246_ljj0.jpg,,,FJC0054 | 4-5
"5.00 CT Emerald Cut Engagement Ring, Lab Grown Diamond, Wedding Gift for Women Anniversary Gift, Ring for Her IGI Certified","5.00 CT Emerald Cut Engagement Ring, Lab Grown Diamond, Wedding Gift for Women Anniversary Gift, Ring for Her IGI Certified.

💎 Handcrafted & Made to Order
Every piece we make is done to order right here in our Surat workshop. We never grab pre-made items off a shelf. Our team casts the metal and sets your stones one by one, which means your jewelry gets a proper, secure setting that can handle everyday life. If you need an engagement ring or just want a new piece for yourself, we put it together the right way.
━━━━━━━━━━━━━━━━━━

💎 Center Stone Specifications
* Category: Lab Grown Diamond
* Shape: 5 CT Emerald Cut
* Color: E
* Clarity: VVS2
* Cut: Excellent
* Polish & Symmetry: Excellent
* Certificate: IGI
-------------------
• Side Stones Weight :- 0.80 CT
• Side Stones Cut :-  Trapezoid Cut
• Style :- Modern Luxury / Statement Engagement Ring
• Finish :- High Polish

Perfect For:
---------------
Engagements, anniversaries, proposals, milestone gifts, bridal jewelry, luxury everyday wear.


🏆 Metal Options
✓ 10K Solid Gold
✓ 14K Solid Gold
✓ 18K Solid Gold

Available Colors:
🟡 Yellow Gold | ⚪ White Gold | 🩷 Rose Gold

Silver Option:
✓ 935 Argentium Silver
━━━━━━━━━━━━━━━━━━

🎨 Customize Your Design
We handle both loose diamond sourcing and finished custom jewelry in-house, so changing up a design is no problem at all.

✔️ Want a bigger center stone?
✔️ Need a different prong style?
✔️ Looking for a matching band?
✔️ Need help sourcing a specific stone?
✔️ Want a totally new custom design?

Send over a message and we can work out the details.
━━━━━━━━━━━━━━━━━━

🚚 Production & Delivery
⏱️ Crafting Time: Give us 7 to 12 business days to make it.
🌎 Delivery: Secure shipping anywhere in the world.
🎁 Packaging: Arrives packed and ready to gift.
━━━━━━━━━━━━━━━━━━

📋 Cancellations & Returns
* Canceled within 3 hours: 10% fee applies.
* Canceled after 6 hours: 20% fee applies.
* Returns: Let us know within 7 days of delivery. Keep in mind that anything custom-made, personalized, or engraved is a final sale.
━━━━━━━━━━━━━━━━━━

❤️ About Floksy Jewel
Floksy Jewel is an actual manufacturing workshop based in Surat. We do not use middlemen. We source the loose lab-grown and natural diamonds ourselves, and we cast and polish the final custom jewelry right here. That means you get the piece straight from the source.

📩 Reach out if you need advice on picking a stone or want to start a custom build!",5232,USD,10,"Engagement_Ring,Wedding_Ring,Anniversary_Gift,Lab_Grown_Diamond,Free_Engraving,Handmade_Jewelery,14K_Gold,Prong_Setting_Ring,IGI_Certified,promise_ring,Women_Emerald_ring,Gift_for_mom,vintage_ring","14k,10k,18k,Gold vermeil,Gold filled,Solid gold,Gold plated,Yellow gold,Rose gold,White gold,Silver,Diamond",https://i.etsystatic.com/67240768/r/il/93c655/8382820924/il_fullxfull.8382820924_s98u.jpg,https://i.etsystatic.com/67240768/r/il/e52453/8382784186/il_fullxfull.8382784186_o5h5.jpg,https://i.etsystatic.com/67240768/r/il/6287e7/8430657913/il_fullxfull.8430657913_rv0d.jpg,https://i.etsystatic.com/67240768/r/il/c44091/8430657629/il_fullxfull.8430657629_agn9.jpg,https://i.etsystatic.com/67240768/r/il/2cc8e9/8430657623/il_fullxfull.8430657623_c3zh.jpg,https://i.etsystatic.com/67240768/r/il/368a42/8382785486/il_fullxfull.8382785486_gvab.jpg,https://i.etsystatic.com/67240768/r/il/767d0f/8430657879/il_fullxfull.8430657879_90za.jpg,https://i.etsystatic.com/67240768/r/il/942162/8430693795/il_fullxfull.8430693795_sv55.jpg,https://i.etsystatic.com/67240768/r/il/26c639/8430694031/il_fullxfull.8430694031_m3kw.jpg,,FJC0053 | 4-5
"2 CT Marquise Lab Grown Diamond Engagement Ring, 14K Gold Solitaire (IGI Certified) Six prong settinf ring .","2 CT Marquise Cut Lab Grown Diamond Ring 14K Gold Solitaire Engagement Ring, Proposal Rings | IGI Certified | Bridal Ring

💎 Handcrafted & Made to Order
Every piece we make is done to order right here in our Surat workshop. We never grab pre-made items off a shelf. Our team casts the metal and sets your stones one by one, which means your jewelry gets a proper, secure setting that can handle everyday life. If you need an engagement ring or just want a new piece for yourself, we put it together the right way.
━━━━━━━━━━━━━━━━━━

💎 Center Stone Specifications
* Category: Lab Grown Diamond
* Shape:2 CT MARQUES 
* Color: E
* Clarity: VVS2
* Cut: Excellent
* Polish & Symmetry: Excellent
* Certificate: IGI
━━━━━━━━━━━━━━━━━━
Setting style :- Prong setting
Halo :- Hidden halo beneath the center stone
Band style :- Pavé-set diamond band
Finish :- High-polish finish
Style :- Modern, glamorous and statement-inspired
Ideal for :- Engagement, proposal, anniversary or bridal jewelry

🏆 Metal Options
✓ 10K Solid Gold
✓ 14K Solid Gold
✓ 18K Solid Gold

Available Colors:
🟡 Yellow Gold | ⚪ White Gold | 🩷 Rose Gold

Silver Option:
✓ 935 Argentium Silver
━━━━━━━━━━━━━━━━━━

🎨 Customize Your Design
We handle both loose diamond sourcing and finished custom jewelry in-house, so changing up a design is no problem at all.

✔️ Want a bigger center stone?
✔️ Need a different prong style?
✔️ Looking for a matching band?
✔️ Need help sourcing a specific stone?
✔️ Want a totally new custom design?

Send over a message and we can work out the details.
━━━━━━━━━━━━━━━━━━

🚚 Production & Delivery
⏱️ Crafting Time: Give us 7 to 12 business days to make it.
🌎 Delivery: Secure shipping anywhere in the world.
🎁 Packaging: Arrives packed and ready to gift.
━━━━━━━━━━━━━━━━━━

📋 Cancellations & Returns
* Canceled within 3 hours: 10% fee applies.
* Canceled after 6 hours: 20% fee applies.
* Returns: Let us know within 7 days of delivery. Keep in mind that anything custom-made, personalized, or engraved is a final sale.
━━━━━━━━━━━━━━━━━━

❤️ About Floksy Jewel
Floksy Jewel is an actual manufacturing workshop based in Surat. We do not use middlemen. We source the loose lab-grown and natural diamonds ourselves, and we cast and polish the final custom jewelry right here. That means you get the piece straight from the source.

📩 Reach out if you need advice on picking a stone or want to start a custom build!",4209,USD,10,"Engagement_Ring,Wedding_Ring,Anniversary_Gift,Lab_Grown_Diamond,Gift_For_Her,Free_Engraving,Handmade_Jewelery,14K_Gold,Vintage_Ring,Prong_Setting_Ring,IGI_Certified,Marquise_ring,promise_ring","14k,10k,18k,Gold vermeil,Gold filled,Solid gold,Gold plated,Yellow gold,Rose gold,White gold,Silver,Diamond",https://i.etsystatic.com/67240768/r/il/853c2a/8382715240/il_fullxfull.8382715240_apnh.jpg,https://i.etsystatic.com/67240768/r/il/21ea93/8430594081/il_fullxfull.8430594081_tul9.jpg,https://i.etsystatic.com/67240768/r/il/526908/8430594107/il_fullxfull.8430594107_m499.jpg,https://i.etsystatic.com/67240768/r/il/fac9e0/8430594055/il_fullxfull.8430594055_mkt7.jpg,https://i.etsystatic.com/67240768/r/il/cd2d85/8382721000/il_fullxfull.8382721000_dfr0.jpg,https://i.etsystatic.com/67240768/r/il/cbf7d7/8382720972/il_fullxfull.8382720972_fa7j.jpg,https://i.etsystatic.com/67240768/r/il/c6b082/8382720968/il_fullxfull.8382720968_h9nz.jpg,,,,FJC0052 | 4-5
"1 CT Oval Lab Grown Diamond Halo Engagement Ring, Pavé Band, 14K White Gold","1 CT Oval Cut Lab Grown Diamond Ring | Hidden Halo Engagement Ring | Pavé Diamond Band | IGI Certified | 14K White Gold Proposal Ring

💎 Handcrafted & Made to Order
Every piece we make is done to order right here in our Surat workshop. We never grab pre-made items off a shelf. Our team casts the metal and sets your stones one by one, which means your jewelry gets a proper, secure setting that can handle everyday life. If you need an engagement ring or just want a new piece for yourself, we put it together the right way.
━━━━━━━━━━━━━━━━━━

💎 Center Stone Specifications
* Category: Lab Grown Diamond
* Shape: 1 CT OVAL 
* Color: E
* Clarity: VVS2
* Cut: Excellent
* Polish & Symmetry: Excellent
* Certificate: IGI
━━━━━━━━━━━━━━━━━━


🏆 Metal Options
✓ 10K Solid Gold
✓ 14K Solid Gold
✓ 18K Solid Gold

Available Colors:
🟡 Yellow Gold | ⚪ White Gold | 🩷 Rose Gold

Silver Option:
✓ 935 Argentium Silver
━━━━━━━━━━━━━━━━━━

🎨 Customize Your Design
We handle both loose diamond sourcing and finished custom jewelry in-house, so changing up a design is no problem at all.

✔️ Want a bigger center stone?
✔️ Need a different prong style?
✔️ Looking for a matching band?
✔️ Need help sourcing a specific stone?
✔️ Want a totally new custom design?

Send over a message and we can work out the details.
━━━━━━━━━━━━━━━━━━

🚚 Production & Delivery
⏱️ Crafting Time: Give us 7 to 12 business days to make it.
🌎 Delivery: Secure shipping anywhere in the world.
🎁 Packaging: Arrives packed and ready to gift.
━━━━━━━━━━━━━━━━━━

📋 Cancellations & Returns
* Canceled within 3 hours: 10% fee applies.
* Canceled after 6 hours: 20% fee applies.
* Returns: Let us know within 7 days of delivery. Keep in mind that anything custom-made, personalized, or engraved is a final sale.
━━━━━━━━━━━━━━━━━━

❤️ About Floksy Jewel
Floksy Jewel is an actual manufacturing workshop based in Surat. We do not use middlemen. We source the loose lab-grown and natural diamonds ourselves, and we cast and polish the final custom jewelry right here. That means you get the piece straight from the source.

📩 Reach out if you need advice on picking a stone or want to start a custom build!",3894,USD,10,"Engagement_Ring,Wedding_Ring,Anniversary_Gift,Lab_Grown_Diamond,Gift_For_Her,Free_Engraving,Handmade_Jewelery,14K_Gold,Vintage_Ring,Prong_Setting_Ring,IGI_Certified,promise_ring,Oval_ring","14k,10k,18k,Gold vermeil,Gold filled,Solid gold,Gold plated,Yellow gold,Rose gold,White gold,Silver,Diamond",https://i.etsystatic.com/67240768/r/il/a59ece/8382675940/il_fullxfull.8382675940_ccx4.jpg,https://i.etsystatic.com/67240768/r/il/ae33f0/8430541361/il_fullxfull.8430541361_d1zt.jpg,https://i.etsystatic.com/67240768/r/il/53d570/8382670048/il_fullxfull.8382670048_1sik.jpg,https://i.etsystatic.com/67240768/r/il/11d6c4/8382669896/il_fullxfull.8382669896_9wkv.jpg,https://i.etsystatic.com/67240768/r/il/ca3e29/8430542767/il_fullxfull.8430542767_o5f0.jpg,https://i.etsystatic.com/67240768/r/il/52e4f8/8430542735/il_fullxfull.8430542735_ru0o.jpg,https://i.etsystatic.com/67240768/r/il/291b1e/8430544153/il_fullxfull.8430544153_dvm8.jpg,,,,FJC0051  | 4-5
3 CT Elongated Cushion Trillion Lab Grown Diamond Engagement Ring 14K White Gold IGI Certified,"3 CT Lab Grown Diamond Engagement Ring Three Stone Elongated Cushion & Trillion, IGI Certified14K White Gold Pavé Cathedral Setting.

💎 Handcrafted  & Made to Order
Every piece we make is done to order right here in our Surat workshop. We never grab pre-made items off a shelf. Our team casts the metal and sets your stones one by one, which means your jewelry gets a proper, secure setting that can handle everyday life. If you need an engagement ring or just want a new piece for yourself, we put it together the right way.
━━━━━━━━━━━━━━━━━━

💎 Center Stone Specifications
* Category: Lab Grown Diamond
* Shape: 3 CT Elongated Cushion Cut
* Color: E
* Clarity: VVS2
* Cut: Excellent
* Polish & Symmetry: Excellent
* Certificate: IGI
━━━━━━━━━━━━━━━━━━
• Side Stones Shape :- Trillion CUT  
• Stone Type :- CVD-HTHP Diamond
• Stone Weight :-0.30 Carat
• Color :- F
• Clarity :- VS
━━━━━━━━━━━━━━━━━━
🏆 Metal Options
✓ 10K Solid Gold
✓ 14K Solid Gold
✓ 18K Solid Gold

Available Colors:
🟡 Yellow Gold | ⚪ White Gold | 🩷 Rose Gold

Silver Option:
✓ 935 Argentium Silver
━━━━━━━━━━━━━━━━━━
Why You'll Love It :-
----------------------
Massive 3 Carat Center Stone
Elegant Elongated Cushion Shape
Premium Pavé Cathedral Design
Pavé Prongs for Maximum Sparkle
Three stone ring
Comfortable Daily Wear
Handmade by Skilled Artisans
Ethical & Sustainable Moissanite
Luxury Bridal Jewelry

Perfect Gift For :-
--------------------
Engagement
Proposal
Wedding
Anniversary
Valentine's Day
Birthday
Christmas
Luxury Gift
Bridal Jewelry
Promise Ring

🎨 Customize Your Design
We handle both loose diamond sourcing and finished custom jewelry in-house, so changing up a design is no problem at all.

✔️ Want a bigger center stone?
✔️ Need a different prong style?
✔️ Looking for a matching band?
✔️ Need help sourcing a specific stone?
✔️ Want a totally new custom design?

Send over a message and we can work out the details.
━━━━━━━━━━━━━━━━━━

🚚 Production & Delivery
⏱️ Crafting Time: Give us 7 to 12 business days to make it.
🌎 Delivery: Secure shipping anywhere in the world.
🎁 Packaging: Arrives packed and ready to gift.
━━━━━━━━━━━━━━━━━━

📋 Cancellations & Returns
* Canceled within 3 hours: 10% fee applies.
* Canceled after 6 hours: 20% fee applies.
* Returns: Let us know within 7 days of delivery. Keep in mind that anything custom-made, personalized, or engraved is a final sale.
━━━━━━━━━━━━━━━━━━

❤️ About Floksy Jewel
Floksy Jewel is an actual manufacturing workshop based in Surat. We do not use middlemen. We source the loose lab-grown and natural diamonds ourselves, and we cast and polish the final custom jewelry right here. That means you get the piece straight from the source.

📩 Reach out if you need advice on picking a stone or want to start a custom build!",4578,USD,10,"Engagement_Ring,Wedding_Ring,Anniversary_Gift,Lab_Grown_Diamond,Gift_For_Her,Free_Engraving,Handmade_Jewelery,14K_Gold,Vintage_Ring,Prong_Setting_Ring,IGI_Certified,Elongated_cushion,Three_stone_ring","14k,10k,18k,Gold vermeil,Gold filled,Solid gold,Gold plated,Yellow gold,Rose gold,White gold,Silver,Diamond",https://i.etsystatic.com/67240768/r/il/816471/8380672606/il_fullxfull.8380672606_41zf.jpg,https://i.etsystatic.com/67240768/r/il/f46a05/8428531325/il_fullxfull.8428531325_hch2.jpg,https://i.etsystatic.com/67240768/r/il/c2356b/8380657806/il_fullxfull.8380657806_sslc.jpg,https://i.etsystatic.com/67240768/r/il/d8d616/8380657920/il_fullxfull.8380657920_hxd8.jpg,https://i.etsystatic.com/67240768/r/il/1ec8c3/8428531259/il_fullxfull.8428531259_9oqn.jpg,https://i.etsystatic.com/67240768/r/il/353962/8380658406/il_fullxfull.8380658406_1lqr.jpg,https://i.etsystatic.com/67240768/r/il/11ccaf/8428531509/il_fullxfull.8428531509_ca9v.jpg,https://i.etsystatic.com/67240768/r/il/cd0678/8428532047/il_fullxfull.8428532047_r7ja.jpg,https://i.etsystatic.com/67240768/r/il/7df21a/8380658810/il_fullxfull.8380658810_jiro.jpg,,FJC0050.1 | 4-5
"Oval Cut Lab Grown Diamond Engagement Ring | Hidden Halo, Pavé Band, 14K White Gold","5 CT Oval Cut Lab Grown Diamond Ring | Hidden Halo Engagement Ring | Pavé Diamond Band | IGI Certified | 14K White Gold Proposal Ring

💎 Handcrafted & Made to Order
Every piece we make is done to order right here in our Surat workshop. We never grab pre-made items off a shelf. Our team casts the metal and sets your stones one by one, which means your jewelry gets a proper, secure setting that can handle everyday life. If you need an engagement ring or just want a new piece for yourself, we put it together the right way.
━━━━━━━━━━━━━━━━━━

💎 Center Stone Specifications
* Category: Diamond
* Shape: 3 CT OVAL 
* Color: E
* Clarity: VVS2
* Cut: Excellent
* Polish & Symmetry: Excellent
* Certificate: IGI
━━━━━━━━━━━━━━━━━━
Side Stones :
Total Carat Weight - 0.55Carat
Shape - Round Brilliant
Color - E
Clarity - VVS2

🏆 Metal Options
✓ 10K Solid Gold
✓ 14K Solid Gold
✓ 18K Solid Gold

Available Colors:
🟡 Yellow Gold | ⚪ White Gold | 🩷 Rose Gold

Silver Option:
✓ 935 Argentium Silver
━━━━━━━━━━━━━━━━━━

🎨 Customize Your Design
We handle both loose diamond sourcing and finished custom jewelry in-house, so changing up a design is no problem at all.

✔️ Want a bigger center stone?
✔️ Need a different prong style?
✔️ Looking for a matching band?
✔️ Need help sourcing a specific stone?
✔️ Want a totally new custom design?

Send over a message and we can work out the details.
━━━━━━━━━━━━━━━━━━

🚚 Production & Delivery
⏱️ Crafting Time: Give us 7 to 12 business days to make it.
🌎 Delivery: Secure shipping anywhere in the world.
🎁 Packaging: Arrives packed and ready to gift.
━━━━━━━━━━━━━━━━━━

📋 Cancellations & Returns
* Canceled within 3 hours: 10% fee applies.
* Canceled after 6 hours: 20% fee applies.
* Returns: Let us know within 7 days of delivery. Keep in mind that anything custom-made, personalized, or engraved is a final sale.
━━━━━━━━━━━━━━━━━━

❤️ About Floksy Jewel
Floksy Jewel is an actual manufacturing workshop based in Surat. We do not use middlemen. We source the loose lab-grown and natural diamonds ourselves, and we cast and polish the final custom jewelry right here. That means you get the piece straight from the source.

📩 Reach out if you need advice on picking a stone or want to start a custom build!",5208,USD,10,"Engagement_Ring,Wedding_Ring,Anniversary_Gift,Lab_Grown_Diamond,Gift_For_Her,Free_Engraving,Handmade_Jewelery,14K_Gold,Vintage_Ring,Prong_Setting_Ring,IGI_Certified,promise_ring,Oval_ring","14k,10k,18k,Gold vermeil,Gold filled,Solid gold,Gold plated,Yellow gold,Rose gold,White gold,Silver,Diamond",https://i.etsystatic.com/67240768/r/il/e08505/8376498818/il_fullxfull.8376498818_f488.jpg,https://i.etsystatic.com/67240768/r/il/4a538e/8424371709/il_fullxfull.8424371709_rwhc.jpg,https://i.etsystatic.com/67240768/r/il/3169d7/8376497658/il_fullxfull.8376497658_p594.jpg,https://i.etsystatic.com/67240768/r/il/78635b/8424371721/il_fullxfull.8424371721_63sx.jpg,https://i.etsystatic.com/67240768/r/il/f3e29b/8424371723/il_fullxfull.8424371723_f10l.jpg,https://i.etsystatic.com/67240768/r/il/771559/8424371715/il_fullxfull.8424371715_ex2m.jpg,https://i.etsystatic.com/67240768/r/il/a55686/8376498222/il_fullxfull.8376498222_9pvw.jpg,https://i.etsystatic.com/67240768/r/il/c52993/8376498226/il_fullxfull.8376498226_fy4w.jpg,https://i.etsystatic.com/67240768/r/il/041f16/8376498230/il_fullxfull.8376498230_n6cl.jpg,https://i.etsystatic.com/67240768/r/il/610751/8376498232/il_fullxfull.8376498232_m7s9.jpg,FJC0050| 4-5
"3 CT Oval Lab Grown Diamond Halo Engagement Ring, Pavé Band, 14K White Gold","3 CT Oval Cut Lab Grown Diamond Ring | Hidden Halo Engagement Ring | Pavé Diamond Band | IGI Certified | 14K White Gold Proposal Ring

💎 Handcrafted & Made to Order
Every piece we make is done to order right here in our Surat workshop. We never grab pre-made items off a shelf. Our team casts the metal and sets your stones one by one, which means your jewelry gets a proper, secure setting that can handle everyday life. If you need an engagement ring or just want a new piece for yourself, we put it together the right way.
━━━━━━━━━━━━━━━━━━

💎 Center Stone Specifications
* Category: Lab Grown Diamond
* Shape: 3 CT OVAL 
* Color: E
* Clarity: VVS2
* Cut: Excellent
* Polish & Symmetry: Excellent
* Certificate: IGI
━━━━━━━━━━━━━━━━━━
Side Stones :
Total Carat Weight - 0.55Carat
Shape - Round Brilliant
Color - E
Clarity - VVS2

🏆 Metal Options
✓ 10K Solid Gold
✓ 14K Solid Gold
✓ 18K Solid Gold

Available Colors:
🟡 Yellow Gold | ⚪ White Gold | 🩷 Rose Gold

Silver Option:
✓ 935 Argentium Silver
━━━━━━━━━━━━━━━━━━

🎨 Customize Your Design
We handle both loose diamond sourcing and finished custom jewelry in-house, so changing up a design is no problem at all.

✔️ Want a bigger center stone?
✔️ Need a different prong style?
✔️ Looking for a matching band?
✔️ Need help sourcing a specific stone?
✔️ Want a totally new custom design?

Send over a message and we can work out the details.
━━━━━━━━━━━━━━━━━━

🚚 Production & Delivery
⏱️ Crafting Time: Give us 7 to 12 business days to make it.
🌎 Delivery: Secure shipping anywhere in the world.
🎁 Packaging: Arrives packed and ready to gift.
━━━━━━━━━━━━━━━━━━

📋 Cancellations & Returns
* Canceled within 3 hours: 10% fee applies.
* Canceled after 6 hours: 20% fee applies.
* Returns: Let us know within 7 days of delivery. Keep in mind that anything custom-made, personalized, or engraved is a final sale.
━━━━━━━━━━━━━━━━━━

❤️ About Floksy Jewel
Floksy Jewel is an actual manufacturing workshop based in Surat. We do not use middlemen. We source the loose lab-grown and natural diamonds ourselves, and we cast and polish the final custom jewelry right here. That means you get the piece straight from the source.

📩 Reach out if you need advice on picking a stone or want to start a custom build!",4578,USD,3,"Engagement_Ring,Wedding_Ring,Anniversary_Gift,Lab_Grown_Diamond,Gift_For_Her,Free_Engraving,Handmade_Jewelery,14K_Gold,Vintage_Ring,Prong_Setting_Ring,IGI_Certified,promise_ring,Oval_ring","14k,10k,18k,Gold vermeil,Gold filled,Solid gold,Gold plated,Yellow gold,Rose gold,White gold,Silver,Diamond",https://i.etsystatic.com/67240768/r/il/e08505/8376498818/il_fullxfull.8376498818_f488.jpg,https://i.etsystatic.com/67240768/r/il/4a538e/8424371709/il_fullxfull.8424371709_rwhc.jpg,https://i.etsystatic.com/67240768/r/il/3169d7/8376497658/il_fullxfull.8376497658_p594.jpg,https://i.etsystatic.com/67240768/r/il/78635b/8424371721/il_fullxfull.8424371721_63sx.jpg,https://i.etsystatic.com/67240768/r/il/f3e29b/8424371723/il_fullxfull.8424371723_f10l.jpg,https://i.etsystatic.com/67240768/r/il/771559/8424371715/il_fullxfull.8424371715_ex2m.jpg,https://i.etsystatic.com/67240768/r/il/a55686/8376498222/il_fullxfull.8376498222_9pvw.jpg,https://i.etsystatic.com/67240768/r/il/c52993/8376498226/il_fullxfull.8376498226_fy4w.jpg,https://i.etsystatic.com/67240768/r/il/041f16/8376498230/il_fullxfull.8376498230_n6cl.jpg,https://i.etsystatic.com/67240768/r/il/610751/8376498232/il_fullxfull.8376498232_m7s9.jpg,FJC0049| 4-5
"Light Pink Heart Diamond Ring, 2ct Pave Halo, IGI Certified 14k Gold Proposal Ring","2ct Light Pink Heart Lab Diamond Ring, Pave Halo, IGI Certified 14k Gold Proposal Ring IGI Certified | Bridal Ring

💎 Handcrafted & Made to Order
Every piece we make is done to order right here in our Surat workshop. We never grab pre-made items off a shelf. Our team casts the metal and sets your stones one by one, which means your jewelry gets a proper, secure setting that can handle everyday life. If you need an engagement ring or just want a new piece for yourself, we put it together the right way.
━━━━━━━━━━━━━━━━━━

💎 Center Stone Specifications
* Category: Lab Grown Diamond
* Shape: 2CT HEART
* Color: FANCY PINK 
* Clarity: VVS2
* Cut: Excellent
* Polish & Symmetry: Excellent
* Certificate: IGI
━━━━━━━━━━━━━━━━━━
• Side Stones Shape :- Round Cut
• Stone Weight :- 1. Carat
• Color :- F
• Clarity :- VVS2

🏆 Metal Options
✓ 10K Solid Gold
✓ 14K Solid Gold
✓ 18K Solid Gold

Available Colors:
🟡 Yellow Gold | ⚪ White Gold | 🩷 Rose Gold

Silver Option:
✓ 935 Argentium Silver
━━━━━━━━━━━━━━━━━━

🎨 Customize Your Design
We handle both loose diamond sourcing and finished custom jewelry in-house, so changing up a design is no problem at all.

✔️ Want a bigger center stone?
✔️ Need a different prong style?
✔️ Looking for a matching band?
✔️ Need help sourcing a specific stone?
✔️ Want a totally new custom design?

Send over a message and we can work out the details.
━━━━━━━━━━━━━━━━━━

🚚 Production & Delivery
⏱️ Crafting Time: Give us 7 to 12 business days to make it.
🌎 Delivery: Secure shipping anywhere in the world.
🎁 Packaging: Arrives packed and ready to gift.
━━━━━━━━━━━━━━━━━━

📋 Cancellations & Returns
* Canceled within 3 hours: 10% fee applies.
* Canceled after 6 hours: 20% fee applies.
* Returns: Let us know within 7 days of delivery. Keep in mind that anything custom-made, personalized, or engraved is a final sale.
━━━━━━━━━━━━━━━━━━

❤️ About Floksy Jewel
Floksy Jewel is an actual manufacturing workshop based in Surat. We do not use middlemen. We source the loose lab-grown and natural diamonds ourselves, and we cast and polish the final custom jewelry right here. That means you get the piece straight from the source.

📩 Reach out if you need advice on picking a stone or want to start a custom build!",4307,USD,10,"Engagement_Ring,Wedding_Ring,Anniversary_Gift,Lab_Grown_Diamond,Gift_For_Her,Free_Engraving,Handmade_Jewelery,14K_Gold,Vintage_Ring,Prong_Setting_Ring,IGI_Certified,promise_ring,Heart_shape_ring","14k,10k,18k,Gold vermeil,Gold filled,Solid gold,Gold plated,Yellow gold,Rose gold,White gold,Silver,Diamond",https://i.etsystatic.com/67240768/r/il/1524e4/8424364521/il_fullxfull.8424364521_pbnv.jpg,https://i.etsystatic.com/67240768/r/il/aee513/8424353241/il_fullxfull.8424353241_a495.jpg,https://i.etsystatic.com/67240768/r/il/3d3057/8376462544/il_fullxfull.8376462544_7dwf.jpg,https://i.etsystatic.com/67240768/r/il/62a7eb/8424335767/il_fullxfull.8424335767_ri7y.jpg,https://i.etsystatic.com/67240768/r/il/ab2e71/8424335771/il_fullxfull.8424335771_p7l1.jpg,https://i.etsystatic.com/67240768/r/il/0239f1/8376462556/il_fullxfull.8376462556_hq5z.jpg,https://i.etsystatic.com/67240768/r/il/966649/8376462554/il_fullxfull.8376462554_sxbu.jpg,https://i.etsystatic.com/67240768/r/il/11dc8f/8424336079/il_fullxfull.8424336079_3pp8.jpg,https://i.etsystatic.com/67240768/r/il/3a329e/8376462886/il_fullxfull.8376462886_nb3r.jpg,https://i.etsystatic.com/67240768/r/il/d8d9fa/8376462888/il_fullxfull.8376462888_h5d6.jpg,FJC0048 | 4-5
"3 CT Oval Lab Grown Diamond Engagement Ring, Pavé Band, 14K White Gold (IGI Certified)","3 CT Oval Cut Lab Grown Diamond Ring | Hidden Halo Engagement Ring | Pavé Diamond Band | IGI Certified | 14K White Gold Proposal Ring

💎 Handcrafted & Made to Order
Every piece we make is done to order right here in our Surat workshop. We never grab pre-made items off a shelf. Our team casts the metal and sets your stones one by one, which means your jewelry gets a proper, secure setting that can handle everyday life. If you need an engagement ring or just want a new piece for yourself, we put it together the right way.
━━━━━━━━━━━━━━━━━━

💎 Center Stone Specifications
* Category: Lab Grown Diamond
* Shape: 3CT OVAL 
* Color: E
* Clarity: VVS2
* Cut: Excellent
* Polish & Symmetry: Excellent
* Certificate: IGI
━━━━━━━━━━━━━━━━━━
Side Stones :
Total Carat Weight - 0.30 Carat
Shape - Round Brilliant
Color - E
Clarity - VVS2

🏆 Metal Options
✓ 10K Solid Gold
✓ 14K Solid Gold
✓ 18K Solid Gold

Available Colors:
🟡 Yellow Gold | ⚪ White Gold | 🩷 Rose Gold

Silver Option:
✓ 935 Argentium Silver
━━━━━━━━━━━━━━━━━━

🎨 Customize Your Design
We handle both loose diamond sourcing and finished custom jewelry in-house, so changing up a design is no problem at all.

✔️ Want a bigger center stone?
✔️ Need a different prong style?
✔️ Looking for a matching band?
✔️ Need help sourcing a specific stone?
✔️ Want a totally new custom design?

Send over a message and we can work out the details.
━━━━━━━━━━━━━━━━━━

🚚 Production & Delivery
⏱️ Crafting Time: Give us 7 to 12 business days to make it.
🌎 Delivery: Secure shipping anywhere in the world.
🎁 Packaging: Arrives packed and ready to gift.
━━━━━━━━━━━━━━━━━━

📋 Cancellations & Returns
* Canceled within 3 hours: 10% fee applies.
* Canceled after 6 hours: 20% fee applies.
* Returns: Let us know within 7 days of delivery. Keep in mind that anything custom-made, personalized, or engraved is a final sale.
━━━━━━━━━━━━━━━━━━

❤️ About Floksy Jewel
Floksy Jewel is an actual manufacturing workshop based in Surat. We do not use middlemen. We source the loose lab-grown and natural diamonds ourselves, and we cast and polish the final custom jewelry right here. That means you get the piece straight from the source.

📩 Reach out if you need advice on picking a stone or want to start a custom build!",4524,USD,10,"Engagement_Ring,Wedding_Ring,Anniversary_Gift,Lab_Grown_Diamond,Gift_For_Her,Free_Engraving,Handmade_Jewelery,14K_Gold,Vintage_Ring,Prong_Setting_Ring,IGI_Certified,promise_ring,Oval_ring","14k,10k,18k,Gold vermeil,Gold filled,Solid gold,Gold plated,Yellow gold,Rose gold,White gold,Silver,Diamond",https://i.etsystatic.com/67240768/r/il/3de6eb/8424320197/il_fullxfull.8424320197_ph5j.jpg,https://i.etsystatic.com/67240768/r/il/8f77c6/8376445916/il_fullxfull.8376445916_3gk1.jpg,https://i.etsystatic.com/67240768/r/il/1c8a75/8424319055/il_fullxfull.8424319055_stfu.jpg,https://i.etsystatic.com/67240768/r/il/4a36fa/8424319043/il_fullxfull.8424319043_smdr.jpg,https://i.etsystatic.com/67240768/r/il/429775/8424319057/il_fullxfull.8424319057_7juq.jpg,https://i.etsystatic.com/67240768/r/il/6cc61c/8376445952/il_fullxfull.8376445952_7xbs.jpg,https://i.etsystatic.com/67240768/r/il/ffcfd9/8424319045/il_fullxfull.8424319045_982f.jpg,https://i.etsystatic.com/67240768/r/il/af6d9a/8424319117/il_fullxfull.8424319117_c56x.jpg,,,FJC0047 | 4-5
"2 Oval Lab Grown Diamond Hidden Halo Engagement Ring, Pavé Band, 14K White Gold","2CT Oval Cut Lab Grown Diamond Ring | Hidden Halo Engagement Ring | Pavé Diamond Band | IGI Certified | 14K White Gold Proposal Ring

💎 Handcrafted & Made to Order
Every piece we make is done to order right here in our Surat workshop. We never grab pre-made items off a shelf. Our team casts the metal and sets your stones one by one, which means your jewelry gets a proper, secure setting that can handle everyday life. If you need an engagement ring or just want a new piece for yourself, we put it together the right way.
━━━━━━━━━━━━━━━━━━

💎 Center Stone Specifications
* Category: Lab Grown Diamond
* Shape:- 2CT OVAL 
* Color: E
* Clarity: VVS2
* Cut: Excellent
* Polish & Symmetry: Excellent
* Certificate: IGI
━━━━━━━━━━━━━━━━━━

🏆 Metal Options
✓ 10K Solid Gold
✓ 14K Solid Gold
✓ 18K Solid Gold

Available Colors:
🟡 Yellow Gold | ⚪ White Gold | 🩷 Rose Gold

Silver Option:
✓ 935 Argentium Silver
━━━━━━━━━━━━━━━━━━

🎨 Customize Your Design
We handle both loose diamond sourcing and finished custom jewelry in-house, so changing up a design is no problem at all.

✔️ Want a bigger center stone?
✔️ Need a different prong style?
✔️ Looking for a matching band?
✔️ Need help sourcing a specific stone?
✔️ Want a totally new custom design?

Send over a message and we can work out the details.
━━━━━━━━━━━━━━━━━━

🚚 Production & Delivery
⏱️ Crafting Time: Give us 7 to 12 business days to make it.
🌎 Delivery: Secure shipping anywhere in the world.
🎁 Packaging: Arrives packed and ready to gift.
━━━━━━━━━━━━━━━━━━

📋 Cancellations & Returns
* Canceled within 3 hours: 10% fee applies.
* Canceled after 6 hours: 20% fee applies.
* Returns: Let us know within 7 days of delivery. Keep in mind that anything custom-made, personalized, or engraved is a final sale.
━━━━━━━━━━━━━━━━━━

❤️ About Floksy Jewel
Floksy Jewel is an actual manufacturing workshop based in Surat. We do not use middlemen. We source the loose lab-grown and natural diamonds ourselves, and we cast and polish the final custom jewelry right here. That means you get the piece straight from the source.

📩 Reach out if you need advice on picking a stone or want to start a custom build!",4209,USD,10,"Engagement_Ring,Wedding_Ring,Anniversary_Gift,Lab_Grown_Diamond,Gift_For_Her,Free_Engraving,Handmade_Jewelery,14K_Gold,Vintage_Ring,Prong_Setting_Ring,IGI_Certified,promise_ring,Oval_ring","14k,10k,18k,Gold vermeil,Gold filled,Solid gold,Gold plated,Yellow gold,Rose gold,White gold,Silver,Diamond",https://i.etsystatic.com/67240768/r/il/5e6bf8/8424299411/il_fullxfull.8424299411_5rrq.jpg,https://i.etsystatic.com/67240768/r/il/b6c215/8376412754/il_fullxfull.8376412754_s3ey.jpg,https://i.etsystatic.com/67240768/r/il/eee245/8424285785/il_fullxfull.8424285785_28g7.jpg,https://i.etsystatic.com/67240768/r/il/323f2d/8376412790/il_fullxfull.8376412790_iqj4.jpg,https://i.etsystatic.com/67240768/r/il/621f2a/8376412782/il_fullxfull.8376412782_fgu8.jpg,https://i.etsystatic.com/67240768/r/il/87f4c9/8376412784/il_fullxfull.8376412784_naj5.jpg,https://i.etsystatic.com/67240768/r/il/865e2b/8376412786/il_fullxfull.8376412786_dk8g.jpg,https://i.etsystatic.com/67240768/r/il/2bddc6/8376412848/il_fullxfull.8376412848_jfvl.jpg,https://i.etsystatic.com/67240768/r/il/a41c77/8376412844/il_fullxfull.8376412844_lxcy.jpg,https://i.etsystatic.com/67240768/r/il/56a987/8424285823/il_fullxfull.8424285823_ck3y.jpg,FJC0046 | 4-5
"3.00 ct Radiant Cut Lab Grown Diamond Pendant, 14K Solid Gold, IGI Certified Necklace","3.00 ct Radiant Cut Lab Grown Diamond Pendant/ 14K Solid Gold Pendant Engagement Necklace IGI Certified

💎 Handcrafted & Made to Order
Every piece we make is done to order right here in our Surat workshop. We never grab pre-made items off a shelf. Our team casts the metal and sets your stones one by one, which means your jewelry gets a proper, secure setting that can handle everyday life. If you need an engagement ring or just want a new piece for yourself, we put it together the right way.
━━━━━━━━━━━━━━━━━━

💎 Center Stone Specifications
* Category: Lab Grown Diamond
* Shape: 3 CT Radiant Cut
* Color: E
* Clarity: VVS2
* Cut: Excellent
* Polish & Symmetry: Excellent
* Certificate: IGI
━━━━━━━━━━━━━━━━━━

 Side Diamonds:

Type: Lab-Grown Diamonds

Total Weight: 1.50TCW

Shape: Marquise ,Round Cut

Color: E/F

Clarity: VVS/VS

Style: Cluster

🏆 Metal Options
✓ 10K Solid Gold
✓ 14K Solid Gold
✓ 18K Solid Gold

Available Colors:
🟡 Yellow Gold | ⚪ White Gold | 🩷 Rose Gold

Silver Option:
✓ 935 Argentium Silver
━━━━━━━━━━━━━━━━━━

🎨 Customize Your Design
We handle both loose diamond sourcing and finished custom jewelry in-house, so changing up a design is no problem at all.

✔️ Want a bigger center stone?
✔️ Need a different prong style?
✔️ Looking for a matching band?
✔️ Need help sourcing a specific stone?
✔️ Want a totally new custom design?

Send over a message and we can work out the details.
━━━━━━━━━━━━━━━━━━

🚚 Production & Delivery
⏱️ Crafting Time: Give us 7 to 12 business days to make it.
🌎 Delivery: Secure shipping anywhere in the world.
🎁 Packaging: Arrives packed and ready to gift.
━━━━━━━━━━━━━━━━━━

📋 Cancellations & Returns
* Canceled within 3 hours: 10% fee applies.
* Canceled after 6 hours: 20% fee applies.
* Returns: Let us know within 7 days of delivery. Keep in mind that anything custom-made, personalized, or engraved is a final sale.
━━━━━━━━━━━━━━━━━━

❤️ About Floksy Jewel
Floksy Jewel is an actual manufacturing workshop based in Surat. We do not use middlemen. We source the loose lab-grown and natural diamonds ourselves, and we cast and polish the final custom jewelry right here. That means you get the piece straight from the source.

📩 Reach out if you need advice on picking a stone or want to start a custom build!",4671,USD,10,"Anniversary_Gift,Lab_Grown_Diamond,Gift_For_Her,Free_Engraving,Handmade_Jewelery,14K_Gold,Vintage_Ring,Prong_Setting_Ring,IGI_Certified,stud_earrings,Gift_for_wife,marquis_pendent,Pendant__Necklace","14k,10k,18k,Gold vermeil,Gold filled,Solid gold,Gold plated,Yellow gold,Rose gold,White gold,Silver,Diamond",https://i.etsystatic.com/67240768/r/il/687241/8424261525/il_fullxfull.8424261525_qmqo.jpg,https://i.etsystatic.com/67240768/r/il/cfa17d/8424257823/il_fullxfull.8424257823_s793.jpg,https://i.etsystatic.com/67240768/r/il/8b72ba/8424257349/il_fullxfull.8424257349_mtcj.jpg,https://i.etsystatic.com/67240768/r/il/58e849/8424257821/il_fullxfull.8424257821_swb4.jpg,https://i.etsystatic.com/67240768/r/il/a05e58/8424257807/il_fullxfull.8424257807_t64i.jpg,https://i.etsystatic.com/67240768/r/il/7da4c5/8424257813/il_fullxfull.8424257813_jts5.jpg,https://i.etsystatic.com/67240768/r/il/4bbd54/8376387174/il_fullxfull.8376387174_sq7c.jpg,https://i.etsystatic.com/67240768/r/il/77e054/8376387162/il_fullxfull.8376387162_hwdx.jpg,https://i.etsystatic.com/67240768/r/il/60f97e/8424260919/il_fullxfull.8424260919_fpar.jpg,https://i.etsystatic.com/67240768/r/il/ceb903/8376387190/il_fullxfull.8376387190_f7sk.jpg,FJC0045 | 4-5
"2 CT Marquise Cut Lab Grown Diamond Pendant, 14K Gold Flower Necklace (IGI Certified)","2 ct Marquise Cut Diamond Pendant , 14K Gold Flower Design Lab Grown Diamond Necklace, Solitaire Cluster Necklace | IGI Certified  

💎 Handcrafted & Made to Order
Every piece we make is done to order right here in our Surat workshop. We never grab pre-made items off a shelf. Our team casts the metal and sets your stones one by one, which means your jewelry gets a proper, secure setting that can handle everyday life. If you need an engagement ring or just want a new piece for yourself, we put it together the right way.
━━━━━━━━━━━━━━━━━━

💎 Center Stone Specifications
* Category: Lab Grown Diamond
* Shape: 2 CT Marquise Cut
* Color: E
* Clarity: VVS2
* Cut: Excellent
* Polish & Symmetry: Excellent
* Certificate: IGI
━━━━━━━━━━━━━━━━━━

 Side Diamonds:

Type: Lab-Grown Diamonds

Total Weight: 1.30TCW

Shape: Marquise ,Round Cut

Color: E/F

Clarity: VVS/VS

Style: Cluster

🏆 Metal Options
✓ 10K Solid Gold
✓ 14K Solid Gold
✓ 18K Solid Gold

Available Colors:
🟡 Yellow Gold | ⚪ White Gold | 🩷 Rose Gold

Silver Option:
✓ 935 Argentium Silver
━━━━━━━━━━━━━━━━━━

🎨 Customize Your Design
We handle both loose diamond sourcing and finished custom jewelry in-house, so changing up a design is no problem at all.

✔️ Want a bigger center stone?
✔️ Need a different prong style?
✔️ Looking for a matching band?
✔️ Need help sourcing a specific stone?
✔️ Want a totally new custom design?

Send over a message and we can work out the details.
━━━━━━━━━━━━━━━━━━

🚚 Production & Delivery
⏱️ Crafting Time: Give us 7 to 12 business days to make it.
🌎 Delivery: Secure shipping anywhere in the world.
🎁 Packaging: Arrives packed and ready to gift.
━━━━━━━━━━━━━━━━━━

📋 Cancellations & Returns
* Canceled within 3 hours: 10% fee applies.
* Canceled after 6 hours: 20% fee applies.
* Returns: Let us know within 7 days of delivery. Keep in mind that anything custom-made, personalized, or engraved is a final sale.
━━━━━━━━━━━━━━━━━━

❤️ About Floksy Jewel
Floksy Jewel is an actual manufacturing workshop based in Surat. We do not use middlemen. We source the loose lab-grown and natural diamonds ourselves, and we cast and polish the final custom jewelry right here. That means you get the piece straight from the source.

📩 Reach out if you need advice on picking a stone or want to start a custom build!",4326,USD,10,"Anniversary_Gift,Lab_Grown_Diamond,Gift_For_Her,Free_Engraving,Handmade_Jewelery,14K_Gold,Vintage_Ring,Prong_Setting_Ring,IGI_Certified,stud_earrings,IGI_DIAMOND_EARRING,Gift_for_wife,marquis_pendent","14k,10k,18k,Gold vermeil,Gold filled,Solid gold,Gold plated,Yellow gold,Rose gold,White gold,Silver,Diamond",https://i.etsystatic.com/67240768/r/il/bee391/8424243161/il_fullxfull.8424243161_5p90.jpg,https://i.etsystatic.com/67240768/r/il/168a6f/8424224307/il_fullxfull.8424224307_99q7.jpg,https://i.etsystatic.com/67240768/r/il/def530/8424224309/il_fullxfull.8424224309_q56a.jpg,https://i.etsystatic.com/67240768/r/il/937177/8424224305/il_fullxfull.8424224305_9br8.jpg,https://i.etsystatic.com/67240768/r/il/22f73b/8376350672/il_fullxfull.8376350672_hsws.jpg,https://i.etsystatic.com/67240768/r/il/0e1ff6/8376350674/il_fullxfull.8376350674_ild8.jpg,,,,,FJC0044 | 4-5
"3 CT Emerald Cut Lab Grown Diamond Engagement Ring, 14K Yellow Gold Bezel Set","3 CT Emerald Cut Lab Grown diamond  Engagement Ring, prong Band, 14K yellow  Gold Bridal Ring IGI Certified Bezel Set Anniversary Ring

💎 Handcrafted & Made to Order
Every piece we make is done to order right here in our Surat workshop. We never grab pre-made items off a shelf. Our team casts the metal and sets your stones one by one, which means your jewelry gets a proper, secure setting that can handle everyday life. If you need an engagement ring or just want a new piece for yourself, we put it together the right way.
━━━━━━━━━━━━━━━━━━

💎 Center Stone Specifications
* Category: Lab Grown Diamond
* Shape: 3 CT Emerald Cut
* Color: E
* Clarity: VVS2
* Cut: Excellent
 * Polish & Symmetry: Excellent
* Certificate: IGI
-------------------

Perfect For:

Engagements, anniversaries, proposals, milestone gifts, bridal jewelry, luxury everyday wear.


🏆 Metal Options
✓ 10K Solid Gold
✓ 14K Solid Gold
✓ 18K Solid Gold

Available Colors:
🟡 Yellow Gold | ⚪ White Gold | 🩷 Rose Gold

Silver Option:
✓ 935 Argentium Silver
━━━━━━━━━━━━━━━━━━

🎨 Customize Your Design
We handle both loose diamond sourcing and finished custom jewelry in-house, so changing up a design is no problem at all.

✔️ Want a bigger center stone?
✔️ Need a different prong style?
✔️ Looking for a matching band?
✔️ Need help sourcing a specific stone?
✔️ Want a totally new custom design?

Send over a message and we can work out the details.
━━━━━━━━━━━━━━━━━━

🚚 Production & Delivery
⏱️ Crafting Time: Give us 7 to 12 business days to make it.
🌎 Delivery: Secure shipping anywhere in the world.
🎁 Packaging: Arrives packed and ready to gift.
━━━━━━━━━━━━━━━━━━

📋 Cancellations & Returns
* Canceled within 3 hours: 10% fee applies.
* Canceled after 6 hours: 20% fee applies.
* Returns: Let us know within 7 days of delivery. Keep in mind that anything custom-made, personalized, or engraved is a final sale.
━━━━━━━━━━━━━━━━━━

❤️ About Floksy Jewel
Floksy Jewel is an actual manufacturing workshop based in Surat. We do not use middlemen. We source the loose lab-grown and natural diamonds ourselves, and we cast and polish the final custom jewelry right here. That means you get the piece straight from the source.

📩 Reach out if you need advice on picking a stone or want to start a custom build!",4524,USD,10,"Engagement_Ring,Wedding_Ring,Anniversary_Gift,Lab_Grown_Diamond,Free_Engraving,Handmade_Jewelery,14K_Gold,Prong_Setting_Ring,IGI_Certified,promise_ring,Women_Emerald_ring,Gift_for_mom,vintage_ring","14k,10k,18k,Gold vermeil,Gold filled,Solid gold,Gold plated,Yellow gold,Rose gold,White gold,Silver,Diamond",https://i.etsystatic.com/67240768/r/il/08d7df/8376319248/il_fullxfull.8376319248_jb40.jpg,https://i.etsystatic.com/67240768/r/il/ffb6e5/8376318464/il_fullxfull.8376318464_1u52.jpg,https://i.etsystatic.com/67240768/r/il/5e4735/8424191773/il_fullxfull.8424191773_h7jh.jpg,https://i.etsystatic.com/67240768/r/il/065aab/8376318474/il_fullxfull.8376318474_muyb.jpg,https://i.etsystatic.com/67240768/r/il/58d2dd/8376318472/il_fullxfull.8376318472_1q4h.jpg,https://i.etsystatic.com/67240768/r/il/a3957f/8376318462/il_fullxfull.8376318462_sslk.jpg,https://i.etsystatic.com/67240768/r/il/a2a200/8376318476/il_fullxfull.8376318476_266x.jpg,,,,FJC0043 | 4-5
"5 CT Emerald Cut Lab Diamond Engagement Ring, Pavé Band, 14K White Gold Vintage Ring","5 CT Emerald Cut Lab Grown diamond  Engagement Ring, Pavé Band, 14K White Gold Bridal Ring IGI Certified Vintage Inspired Wedding Ring.

💎 Handcrafted & Made to Order
Every piece we make is done to order right here in our Surat workshop. We never grab pre-made items off a shelf. Our team casts the metal and sets your stones one by one, which means your jewelry gets a proper, secure setting that can handle everyday life. If you need an engagement ring or just want a new piece for yourself, we put it together the right way.
━━━━━━━━━━━━━━━━━━

💎 Center Stone Specifications
* Category: Lab Grown Diamond
* Shape: 5CT Emerald Cut
* Color: E
* Clarity: VVS2
* Cut: Excellent
 * Polish & Symmetry: Excellent
* Certificate: IGI
-------------------
•----------------------
• Side Stones Shape :- Brilliant Round Cut
• Stone Type :-Lab diamond
• Stone Weight :- 0.98 Carat
• Color :- F
• Clarity :- VVS1
--------------------
• Accents Stone shape :- Micro Round Cut
• Weight :- 0.23 Carat
---------------------------------
Perfect For:

Engagements, anniversaries, proposals, milestone gifts, bridal jewelry, luxury everyday wear.


🏆 Metal Options
✓ 10K Solid Gold
✓ 14K Solid Gold
✓ 18K Solid Gold

Available Colors:
🟡 Yellow Gold | ⚪ White Gold | 🩷 Rose Gold

Silver Option:
✓ 935 Argentium Silver
━━━━━━━━━━━━━━━━━━

🎨 Customize Your Design
We handle both loose diamond sourcing and finished custom jewelry in-house, so changing up a design is no problem at all.

✔️ Want a bigger center stone?
✔️ Need a different prong style?
✔️ Looking for a matching band?
✔️ Need help sourcing a specific stone?
✔️ Want a totally new custom design?

Send over a message and we can work out the details.
━━━━━━━━━━━━━━━━━━

🚚 Production & Delivery
⏱️ Crafting Time: Give us 7 to 12 business days to make it.
🌎 Delivery: Secure shipping anywhere in the world.
🎁 Packaging: Arrives packed and ready to gift.
━━━━━━━━━━━━━━━━━━

📋 Cancellations & Returns
* Canceled within 3 hours: 10% fee applies.
* Canceled after 6 hours: 20% fee applies.
* Returns: Let us know within 7 days of delivery. Keep in mind that anything custom-made, personalized, or engraved is a final sale.
━━━━━━━━━━━━━━━━━━

❤️ About Floksy Jewel
Floksy Jewel is an actual manufacturing workshop based in Surat. We do not use middlemen. We source the loose lab-grown and natural diamonds ourselves, and we cast and polish the final custom jewelry right here. That means you get the piece straight from the source.

📩 Reach out if you need advice on picking a stone or want to start a custom build!",5271,USD,10,"Engagement_Ring,Wedding_Ring,Anniversary_Gift,Lab_Grown_Diamond,Free_Engraving,Handmade_Jewelery,14K_Gold,Prong_Setting_Ring,IGI_Certified,promise_ring,Women_Emerald_ring,Gift_for_mom,vintage_ring","14k,10k,18k,Gold vermeil,Gold filled,Solid gold,Gold plated,Yellow gold,Rose gold,White gold,Silver,Diamond",https://i.etsystatic.com/67240768/r/il/dba0ab/8373577722/il_fullxfull.8373577722_ov8z.jpg,https://i.etsystatic.com/67240768/r/il/4952c0/8373572218/il_fullxfull.8373572218_8isq.jpg,https://i.etsystatic.com/67240768/r/il/4c1485/8421445979/il_fullxfull.8421445979_lxh7.jpg,https://i.etsystatic.com/67240768/r/il/c6c662/8373571578/il_fullxfull.8373571578_h1o7.jpg,https://i.etsystatic.com/67240768/r/il/054008/8373571794/il_fullxfull.8373571794_aci8.jpg,https://i.etsystatic.com/67240768/r/il/ce9a66/8373571988/il_fullxfull.8373571988_5s8w.jpg,,,,,FJC0042 | 4-5
"3 Carat Princess Cut Lab Diamond Engagement Ring, 18K White Gold Split Shank Solitaire","3 Carat Princess Cut Lab Diamond Engagement Ring,18K White Gold Solitaire Split Shank ,14K Gold Solitaire Ring,Luxury Bridal Jewelry for Her

💎 Handcrafted & Made to Order
Every piece we make is done to order right here in our Surat workshop. We never grab pre-made items off a shelf. Our team casts the metal and sets your stones one by one, which means your jewelry gets a proper, secure setting that can handle everyday life. If you need an engagement ring or just want a new piece for yourself, we put it together the right way.
━━━━━━━━━━━━━━━━━━

💎 Center Stone Specifications
* Category: Lab Grown Diamond
* Shape: 3CT Princess
* Color: E
* Clarity: VVS2
* Cut: Excellent
* Polish & Symmetry: Excellent
* Certificate: IGI
━━━━━━━━━━━━━━━━━━
• Side Stones Shape :- Brilliant Round Cut
• Stone Type :- Lab Grown diamond
• Stone Weight :- 1.80 Carat
• Color :- F
• Clarity :- VVS1
--------------------
• Accents Stone shape :- Micro Round Cut
• Weight :- 0.30 Carat
---------------------------------
🏆 Metal Options
✓ 10K Solid Gold
✓ 14K Solid Gold
✓ 18K Solid Gold

Available Colors:
🟡 Yellow Gold | ⚪ White Gold | 🩷 Rose Gold

Silver Option:
✓ 935 Argentium Silver
━━━━━━━━━━━━━━━━━━

🎨 Customize Your Design
We handle both loose diamond sourcing and finished custom jewelry in-house, so changing up a design is no problem at all.

✔️ Want a bigger center stone?
✔️ Need a different prong style?
✔️ Looking for a matching band?
✔️ Need help sourcing a specific stone?
✔️ Want a totally new custom design?

Send over a message and we can work out the details.
━━━━━━━━━━━━━━━━━━

🚚 Production & Delivery
⏱️ Crafting Time: Give us 7 to 12 business days to make it.
🌎 Delivery: Secure shipping anywhere in the world.
🎁 Packaging: Arrives packed and ready to gift.
━━━━━━━━━━━━━━━━━━

📋 Cancellations & Returns
* Canceled within 3 hours: 10% fee applies.
* Canceled after 6 hours: 20% fee applies.
* Returns: Let us know within 7 days of delivery. Keep in mind that anything custom-made, personalized, or engraved is a final sale.
━━━━━━━━━━━━━━━━━━

❤️ About Floksy Jewel
Floksy Jewel is an actual manufacturing workshop based in Surat. We do not use middlemen. We source the loose lab-grown and natural diamonds ourselves, and we cast and polish the final custom jewelry right here. That means you get the piece straight from the source.

📩 Reach out if you need advice on picking a stone or want to start a custom build!",4729,USD,10,"Engagement_Ring,Wedding_Ring,Anniversary_Gift,Lab_Grown_Diamond,Gift_For_Her,Free_Engraving,Handmade_Jewelery,14K_Gold,Vintage_Ring,Prong_Setting_Ring,IGI_Certified,Princess_RING,SOLITIRE_RING","14k,10k,18k,Gold vermeil,Gold filled,Solid gold,Gold plated,Yellow gold,Rose gold,White gold,Silver,Diamond",https://i.etsystatic.com/67240768/r/il/22e6f7/8421401293/il_fullxfull.8421401293_ntnv.jpg,https://i.etsystatic.com/67240768/r/il/d3fb47/8373525218/il_fullxfull.8373525218_h5tj.jpg,https://i.etsystatic.com/67240768/r/il/62dc26/8421399405/il_fullxfull.8421399405_8wiy.jpg,https://i.etsystatic.com/67240768/r/il/465794/8373525200/il_fullxfull.8373525200_82yo.jpg,https://i.etsystatic.com/67240768/r/il/ca102b/8373525190/il_fullxfull.8373525190_poyt.jpg,https://i.etsystatic.com/67240768/r/il/45584a/8421399431/il_fullxfull.8421399431_mpbl.jpg,https://i.etsystatic.com/67240768/r/il/696d38/8373525618/il_fullxfull.8373525618_b3gi.jpg,https://i.etsystatic.com/67240768/r/il/299ddc/8373525956/il_fullxfull.8373525956_qa4b.jpg,https://i.etsystatic.com/67240768/r/il/4ca692/8421400089/il_fullxfull.8421400089_gfhy.jpg,,FJC041 | 4-5
"3 CT Marquise Lab Grown Diamond Engagement Ring, 14K Gold Solitaire (IGI Certified)","3 CT Marquise Cut Lab Grown Diamond Ring 14K Gold Solitaire Engagement Ring, Proposal Rings | IGI Certified | Bridal Ring

💎 Handcrafted & Made to Order
Every piece we make is done to order right here in our Surat workshop. We never grab pre-made items off a shelf. Our team casts the metal and sets your stones one by one, which means your jewelry gets a proper, secure setting that can handle everyday life. If you need an engagement ring or just want a new piece for yourself, we put it together the right way.
━━━━━━━━━━━━━━━━━━

💎 Center Stone Specifications
* Category: Lab Grown Diamond
* Shape:3 CT MARQUES 
* Color: E
* Clarity: VVS2
* Cut: Excellent
* Polish & Symmetry: Excellent
* Certificate: IGI
━━━━━━━━━━━━━━━━━━
Setting style :- Prong setting
Halo :- Hidden halo beneath the center stone
Band style :- Pavé-set diamond band
Finish :- High-polish finish
Style :- Modern, glamorous and statement-inspired
Ideal for :- Engagement, proposal, anniversary or bridal jewelry

🏆 Metal Options
✓ 10K Solid Gold
✓ 14K Solid Gold
✓ 18K Solid Gold

Available Colors:
🟡 Yellow Gold | ⚪ White Gold | 🩷 Rose Gold

Silver Option:
✓ 935 Argentium Silver
━━━━━━━━━━━━━━━━━━

🎨 Customize Your Design
We handle both loose diamond sourcing and finished custom jewelry in-house, so changing up a design is no problem at all.

✔️ Want a bigger center stone?
✔️ Need a different prong style?
✔️ Looking for a matching band?
✔️ Need help sourcing a specific stone?
✔️ Want a totally new custom design?

Send over a message and we can work out the details.
━━━━━━━━━━━━━━━━━━

🚚 Production & Delivery
⏱️ Crafting Time: Give us 7 to 12 business days to make it.
🌎 Delivery: Secure shipping anywhere in the world.
🎁 Packaging: Arrives packed and ready to gift.
━━━━━━━━━━━━━━━━━━

📋 Cancellations & Returns
* Canceled within 3 hours: 10% fee applies.
* Canceled after 6 hours: 20% fee applies.
* Returns: Let us know within 7 days of delivery. Keep in mind that anything custom-made, personalized, or engraved is a final sale.
━━━━━━━━━━━━━━━━━━

❤️ About Floksy Jewel
Floksy Jewel is an actual manufacturing workshop based in Surat. We do not use middlemen. We source the loose lab-grown and natural diamonds ourselves, and we cast and polish the final custom jewelry right here. That means you get the piece straight from the source.

📩 Reach out if you need advice on picking a stone or want to start a custom build!",4524,USD,10,"Engagement_Ring,Wedding_Ring,Anniversary_Gift,Lab_Grown_Diamond,Gift_For_Her,Free_Engraving,Handmade_Jewelery,14K_Gold,Vintage_Ring,Prong_Setting_Ring,IGI_Certified,Marquise_ring,promise_ring","14k,10k,18k,Gold vermeil,Gold filled,Solid gold,Gold plated,Yellow gold,Rose gold,White gold,Silver,Diamond",https://i.etsystatic.com/67240768/r/il/a42735/8372017520/il_fullxfull.8372017520_a1pt.jpg,https://i.etsystatic.com/67240768/r/il/1e47f8/8372019140/il_fullxfull.8372019140_fhdr.jpg,https://i.etsystatic.com/67240768/r/il/2cdc4e/8372018912/il_fullxfull.8372018912_c5go.jpg,https://i.etsystatic.com/67240768/r/il/c75d6c/8372018752/il_fullxfull.8372018752_d7kq.jpg,https://i.etsystatic.com/67240768/r/il/854f96/8372018842/il_fullxfull.8372018842_ar9d.jpg,https://i.etsystatic.com/67240768/r/il/e8a027/8419897405/il_fullxfull.8419897405_8vfl.jpg,https://i.etsystatic.com/67240768/r/il/01aece/8372020008/il_fullxfull.8372020008_q7ft.jpg,https://i.etsystatic.com/67240768/r/il/663842/8372018948/il_fullxfull.8372018948_6bcg.jpg,https://i.etsystatic.com/67240768/r/il/cde2a7/8419898783/il_fullxfull.8419898783_i0k5.jpg,https://i.etsystatic.com/67240768/r/il/f9be3b/8419898831/il_fullxfull.8419898831_qbao.jpg,FJC0040 | 4-5
"Oval Lab Diamond Eternity Band, 5mm 14K White Gold Wedding Ring Prong-Set Bridal Jewelry","Oval Lab diamond  Eternity Band, 5mm 14K White Gold Wedding Ring, Stackable Anniversary Bridal Jewelry  Prong-set eternity design.

💎 Handcrafted & Made to Order
Every piece we make is done to order right here in our Surat workshop. We never grab pre-made items off a shelf. Our team casts the metal and sets your stones one by one, which means your jewelry gets a proper, secure setting that can handle everyday life. If you need an engagement ring or just want a new piece for yourself, we put it together the right way.
━━━━━━━━━━━━━━━━━━

💎 Center Stone Specifications
Stone Shape :- Oval Cut
Stone Type :- CVD/HTHP DIAMOND 
Stone size :- 3 × 5 mm (Each Stone)
Stone Weight :- 4 .60 Carat
Color :- E
Clarity :- VVS2
Band Width :- 5mm
------------------------
Accents Stone Shape :- Brilliant Round Cut
Weight :- 0.40 Carat
-------------------------
Style :- Full eternity band
Setting :- Prong-set eternity design
Finish :- High polish
Occasion :- Wedding, anniversary, bridal stack or milestone gift
Made to order: Please select your required ring size

🏆 Metal Options
✓ 10K Solid Gold
✓ 14K Solid Gold
✓ 18K Solid Gold

Available Colors:
🟡 Yellow Gold | ⚪ White Gold | 🩷 Rose Gold

Silver Option:
✓ 935 Argentium Silver
━━━━━━━━━━━━━━━━━━

🎨 Customize Your Design
We handle both loose diamond sourcing and finished custom jewelry in-house, so changing up a design is no problem at all.

✔️ Want a bigger center stone?
✔️ Need a different prong style?
✔️ Looking for a matching band?
✔️ Need help sourcing a specific stone?
✔️ Want a totally new custom design?

Send over a message and we can work out the details.
━━━━━━━━━━━━━━━━━━

🚚 Production & Delivery
⏱️ Crafting Time: Give us 7 to 12 business days to make it.
🌎 Delivery: Secure shipping anywhere in the world.
🎁 Packaging: Arrives packed and ready to gift.
━━━━━━━━━━━━━━━━━━

📋 Cancellations & Returns
* Canceled within 3 hours: 10% fee applies.
* Canceled after 6 hours: 20% fee applies.
* Returns: Let us know within 7 days of delivery. Keep in mind that anything custom-made, personalized, or engraved is a final sale.
━━━━━━━━━━━━━━━━━━

❤️ About Floksy Jewel
Floksy Jewel is an actual manufacturing workshop based in Surat. We do not use middlemen. We source the loose lab-grown and natural diamonds ourselves, and we cast and polish the final custom jewelry right here. That means you get the piece straight from the source.

📩 Reach out if you need advice on picking a stone or want to start a custom build!",4980,USD,10,"Engagement_Ring,Wedding_Ring,Anniversary_Gift,Lab_Grown_Diamond,Gift_For_Her,Free_Engraving,Handmade_Jewelery,14K_Gold,Vintage_Ring,Prong_Setting_Ring,IGI_Certified,Oval_ring,Oval_eternity_band","14k,10k,18k,Gold vermeil,Gold filled,Solid gold,Gold plated,Yellow gold,Rose gold,White gold,Silver,Diamond",https://i.etsystatic.com/67240768/r/il/9dfb13/8419871477/il_fullxfull.8419871477_r7rl.jpg,https://i.etsystatic.com/67240768/r/il/311cdd/8419866845/il_fullxfull.8419866845_rbiy.jpg,https://i.etsystatic.com/67240768/r/il/09ae31/8419866859/il_fullxfull.8419866859_7hhx.jpg,https://i.etsystatic.com/67240768/r/il/fa10f8/8419866925/il_fullxfull.8419866925_78xb.jpg,https://i.etsystatic.com/67240768/r/il/d4f456/8371988324/il_fullxfull.8371988324_iz0u.jpg,https://i.etsystatic.com/67240768/r/il/cd2210/8419866927/il_fullxfull.8419866927_5nl4.jpg,https://i.etsystatic.com/67240768/r/il/f477b9/8371988262/il_fullxfull.8371988262_cvet.jpg,https://i.etsystatic.com/67240768/r/il/78a4c1/8419867253/il_fullxfull.8419867253_dwms.jpg,,,FJC0039 | 4-5
"3ct Radiant Cut Lab diamond  Engagement Ring, 14K Gold Cigar Band, Hidden Halo, Double Prong Statement Ring","3ct Radiant Cut Lab diamond  Engagement Ring, 14K Gold Cigar Band, Hidden Halo, Double Prong Statement Ring

💎 Handcrafted & Made to Order
Every piece we make is done to order right here in our Surat workshop. We never grab pre-made items off a shelf. Our team casts the metal and sets your stones one by one, which means your jewelry gets a proper, secure setting that can handle everyday life. If you need an engagement ring or just want a new piece for yourself, we put it together the right way.
━━━━━━━━━━━━━━━━━━

💎 Center Stone Specifications
* Category: Lab Grown Diamond
* Shape: 3 CT Radiant
* Color: E
* Clarity: VVS2
* Cut: Excellent
* Polish & Symmetry: Excellent
* Certificate: IGI
━━━━━━━━━━━━━━━━━━
• Side Stones Shape :- Brilliant Round Cut
• Stone Type :- CVD HTHP DIAMOND
• Stone Weight :- 1.10 Carat
• Color :- F
• Clarity :- VS1
━━━━━━━━━━━━━━━━━━
Setting :- Four-prong elevated setting
Accent design :- Pavé V-shaped halo
Band style :- Polished plain band
Finish :- High polish
Ring style :- Modern solitaire with architectural halo
Available sizes :- Select from the available ring-size options


🏆 Metal Options
✓ 10K Solid Gold
✓ 14K Solid Gold
✓ 18K Solid Gold

Available Colors:
🟡 Yellow Gold | ⚪ White Gold | 🩷 Rose Gold

Silver Option:
✓ 935 Argentium Silver
━━━━━━━━━━━━━━━━━━

🎨 Customize Your Design
We handle both loose diamond sourcing and finished custom jewelry in-house, so changing up a design is no problem at all.

✔️ Want a bigger center stone?
✔️ Need a different prong style?
✔️ Looking for a matching band?
✔️ Need help sourcing a specific stone?
✔️ Want a totally new custom design?

Send over a message and we can work out the details.
━━━━━━━━━━━━━━━━━━

🚚 Production & Delivery
⏱️ Crafting Time: Give us 7 to 12 business days to make it.
🌎 Delivery: Secure shipping anywhere in the world.
🎁 Packaging: Arrives packed and ready to gift.
━━━━━━━━━━━━━━━━━━

📋 Cancellations & Returns
* Canceled within 3 hours: 10% fee applies.
* Canceled after 6 hours: 20% fee applies.
* Returns: Let us know within 7 days of delivery. Keep in mind that anything custom-made, personalized, or engraved is a final sale.
━━━━━━━━━━━━━━━━━━

❤️ About Floksy Jewel
Floksy Jewel is an actual manufacturing workshop based in Surat. We do not use middlemen. We source the loose lab-grown and natural diamonds ourselves, and we cast and polish the final custom jewelry right here. That means you get the piece straight from the source.

📩 Reach out if you need advice on picking a stone or want to start a custom build!",4631,USD,10,"Engagement_Ring,Wedding_Ring,Anniversary_Gift,Lab_Grown_Diamond,Gift_For_Her,Free_Engraving,Handmade_Jewelery,14K_Gold,Prong_Setting_Ring,IGI_Certified,SOLITIRE_RING,HALO_RING,radiant-cut","14k,10k,18k,Gold vermeil,Gold filled,Solid gold,Gold plated,Yellow gold,Rose gold,White gold,Silver,Diamond",https://i.etsystatic.com/67240768/r/il/3ddd00/8371970032/il_fullxfull.8371970032_8mxp.jpg,https://i.etsystatic.com/67240768/r/il/0e75bf/8371971004/il_fullxfull.8371971004_bqg0.jpg,https://i.etsystatic.com/67240768/r/il/4d77c3/8371971480/il_fullxfull.8371971480_j3lt.jpg,https://i.etsystatic.com/67240768/r/il/c7aa60/8419849779/il_fullxfull.8419849779_4e5d.jpg,https://i.etsystatic.com/67240768/r/il/e854ab/8371971330/il_fullxfull.8371971330_tr5j.jpg,https://i.etsystatic.com/67240768/r/il/17617c/8371971470/il_fullxfull.8371971470_hgpr.jpg,https://i.etsystatic.com/67240768/r/il/b240f5/8371971306/il_fullxfull.8371971306_fi27.jpg,https://i.etsystatic.com/67240768/r/il/3277a0/8419850785/il_fullxfull.8419850785_r7ic.jpg,https://i.etsystatic.com/67240768/r/il/e168b8/8419850945/il_fullxfull.8419850945_tphp.jpg,https://i.etsystatic.com/67240768/r/il/61f895/8371972538/il_fullxfull.8371972538_ojhn.jpg,FJC0038 | 4-5
"4 CT Oval Lab Grown Diamond Halo Engagement Ring, 14K White Gold (IGI Certified)","4 CT Oval Cut Lab Grown Diamond Ring | Hidden Halo Engagement Ring | Pavé Diamond Band | IGI Certified | 14K White Gold Proposal Ring

💎 Handcrafted & Made to Order
Every piece we make is done to order right here in our Surat workshop. We never grab pre-made items off a shelf. Our team casts the metal and sets your stones one by one, which means your jewelry gets a proper, secure setting that can handle everyday life. If you need an engagement ring or just want a new piece for yourself, we put it together the right way.
━━━━━━━━━━━━━━━━━━

💎 Center Stone Specifications
* Category: Lab Grown Diamond
* Shape: 4 CT OVAL 
* Color: E
* Clarity: VVS2
* Cut: Excellent
* Polish & Symmetry: Excellent
* Certificate: IGI
━━━━━━━━━━━━━━━━━━
Side Stones :
Total Carat Weight - 0.50 Carat
Shape - Round Brilliant
Color - E
Clarity - VVS2

🏆 Metal Options
✓ 10K Solid Gold
✓ 14K Solid Gold
✓ 18K Solid Gold

Available Colors:
🟡 Yellow Gold | ⚪ White Gold | 🩷 Rose Gold

Silver Option:
✓ 935 Argentium Silver
━━━━━━━━━━━━━━━━━━

🎨 Customize Your Design
We handle both loose diamond sourcing and finished custom jewelry in-house, so changing up a design is no problem at all.

✔️ Want a bigger center stone?
✔️ Need a different prong style?
✔️ Looking for a matching band?
✔️ Need help sourcing a specific stone?
✔️ Want a totally new custom design?

Send over a message and we can work out the details.
━━━━━━━━━━━━━━━━━━

🚚 Production & Delivery
⏱️ Crafting Time: Give us 7 to 12 business days to make it.
🌎 Delivery: Secure shipping anywhere in the world.
🎁 Packaging: Arrives packed and ready to gift.
━━━━━━━━━━━━━━━━━━

📋 Cancellations & Returns
* Canceled within 3 hours: 10% fee applies.
* Canceled after 6 hours: 20% fee applies.
* Returns: Let us know within 7 days of delivery. Keep in mind that anything custom-made, personalized, or engraved is a final sale.
━━━━━━━━━━━━━━━━━━

❤️ About Floksy Jewel
Floksy Jewel is an actual manufacturing workshop based in Surat. We do not use middlemen. We source the loose lab-grown and natural diamonds ourselves, and we cast and polish the final custom jewelry right here. That means you get the piece straight from the source.

📩 Reach out if you need advice on picking a stone or want to start a custom build!",4883,USD,10,"Engagement_Ring,Wedding_Ring,Anniversary_Gift,Lab_Grown_Diamond,Gift_For_Her,Free_Engraving,Handmade_Jewelery,14K_Gold,Vintage_Ring,Prong_Setting_Ring,IGI_Certified,promise_ring,Oval_ring","14k,10k,18k,Gold vermeil,Gold filled,Solid gold,Gold plated,Yellow gold,Rose gold,White gold,Silver,Diamond",https://i.etsystatic.com/67240768/r/il/0fdd2f/8415151311/il_fullxfull.8415151311_p2i1.jpg,https://i.etsystatic.com/67240768/r/il/d98da3/8415149823/il_fullxfull.8415149823_1oqu.jpg,https://i.etsystatic.com/67240768/r/il/9367a8/8367269342/il_fullxfull.8367269342_k9ea.jpg,https://i.etsystatic.com/67240768/r/il/7b8d4c/8415149835/il_fullxfull.8415149835_4e88.jpg,https://i.etsystatic.com/67240768/r/il/37bc09/8367269336/il_fullxfull.8367269336_qlik.jpg,https://i.etsystatic.com/67240768/r/il/685436/8367269340/il_fullxfull.8367269340_q7g8.jpg,https://i.etsystatic.com/67240768/r/il/1fb840/8415149833/il_fullxfull.8415149833_1uca.jpg,https://i.etsystatic.com/67240768/r/il/f1bc12/8367269458/il_fullxfull.8367269458_lg3z.jpg,,,FJC0037 | 4-5
"5 Carat Oval Lab Diamond Engagement Ring, Marquise Bubble Band, 14K White Gold","5 Carat Oval Lab diamond Engagement Ring, Marquise Bubble Band, Floral Prongs, 14K Gol | IGI Certified | 14K White Gold Proposal Ring

💎 Handcrafted & Made to Order
Every piece we make is done to order right here in our Surat workshop. We never grab pre-made items off a shelf. Our team casts the metal and sets your stones one by one, which means your jewelry gets a proper, secure setting that can handle everyday life. If you need an engagement ring or just want a new piece for yourself, we put it together the right way.
━━━━━━━━━━━━━━━━━━

💎 Center Stone Specifications
* Category: Lab Grown Diamond
* Shape: 5 CT OVAL 
* Color: E
* Clarity: VVS2
* Cut: Excellent
* Polish & Symmetry: Excellent
* Certificate: IGI
━━━━━━━━━━━━━━━━━━
Side Stones :
Total Carat Weight - 0.90 Carat
Shape - Round Brilliant
Color - E
Clarity - VVS2
━━━━━━━━━━━━━━━━━━
 • Accents Stone shape :- Micro Round Cut
• Weight :- 0.30 Carat


🏆 Metal Options
✓ 10K Solid Gold
✓ 14K Solid Gold
✓ 18K Solid Gold

Available Colors:
🟡 Yellow Gold | ⚪ White Gold | 🩷 Rose Gold

Silver Option:
✓ 935 Argentium Silver
━━━━━━━━━━━━━━━━━━

🎨 Customize Your Design
We handle both loose diamond sourcing and finished custom jewelry in-house, so changing up a design is no problem at all.

✔️ Want a bigger center stone?
✔️ Need a different prong style?
✔️ Looking for a matching band?
✔️ Need help sourcing a specific stone?
✔️ Want a totally new custom design?

Send over a message and we can work out the details.
━━━━━━━━━━━━━━━━━━

🚚 Production & Delivery
⏱️ Crafting Time: Give us 7 to 12 business days to make it.
🌎 Delivery: Secure shipping anywhere in the world.
🎁 Packaging: Arrives packed and ready to gift.
━━━━━━━━━━━━━━━━━━

📋 Cancellations & Returns
* Canceled within 3 hours: 10% fee applies.
* Canceled after 6 hours: 20% fee applies.
* Returns: Let us know within 7 days of delivery. Keep in mind that anything custom-made, personalized, or engraved is a final sale.
━━━━━━━━━━━━━━━━━━

❤️ About Floksy Jewel
Floksy Jewel is an actual manufacturing workshop based in Surat. We do not use middlemen. We source the loose lab-grown and natural diamonds ourselves, and we cast and polish the final custom jewelry right here. That means you get the piece straight from the source.

📩 Reach out if you need advice on picking a stone or want to start a custom build!",5281,USD,10,"Engagement_Ring,Wedding_Ring,Anniversary_Gift,Lab_Grown_Diamond,Gift_For_Her,Free_Engraving,Handmade_Jewelery,14K_Gold,Vintage_Ring,Prong_Setting_Ring,promise_ring,Oval_ring,Floral_Prongs_ring","14k,10k,18k,Gold vermeil,Gold filled,Solid gold,Gold plated,Yellow gold,Rose gold,White gold,Silver,Diamond",https://i.etsystatic.com/67240768/r/il/4121d8/8367256508/il_fullxfull.8367256508_u61d.jpg,https://i.etsystatic.com/67240768/r/il/6781cb/8367225832/il_fullxfull.8367225832_keh0.jpg,https://i.etsystatic.com/67240768/r/il/3528f3/8367225808/il_fullxfull.8367225808_issz.jpg,https://i.etsystatic.com/67240768/r/il/e15732/8415106301/il_fullxfull.8415106301_hr21.jpg,https://i.etsystatic.com/67240768/r/il/643714/8415106277/il_fullxfull.8415106277_3vou.jpg,https://i.etsystatic.com/67240768/r/il/a0bc78/8367225826/il_fullxfull.8367225826_p94p.jpg,https://i.etsystatic.com/67240768/r/il/c60ca6/8367226112/il_fullxfull.8367226112_481l.jpg,https://i.etsystatic.com/67240768/r/il/9458a3/8367225842/il_fullxfull.8367225842_1vet.jpg,https://i.etsystatic.com/67240768/r/il/a1b7b2/8415106395/il_fullxfull.8415106395_dkkm.jpg,,FJC0036 | 4-5
4CT Marquise Lab Grown Diamond Engagement Ring | Hidden Halo | 14K Yellow Gold Eternity Band,"4 CT Marquise Lab Grown Diamond Engagement Ring | Hidden Halo | 14K Yellow Gold Eternity Band | IGI Certified | Bridal Ring

💎 Handcrafted & Made to Order
Every piece we make is done to order right here in our Surat workshop. We never grab pre-made items off a shelf. Our team casts the metal and sets your stones one by one, which means your jewelry gets a proper, secure setting that can handle everyday life. If you need an engagement ring or just want a new piece for yourself, we put it together the right way.
━━━━━━━━━━━━━━━━━━

💎 Center Stone Specifications
* Category: Lab Grown Diamond
* Shape: 4 CT MARQUES 
* Color: E
* Clarity: VVS2
* Cut: Excellent
* Polish & Symmetry: Excellent
* Certificate: IGI
━━━━━━━━━━━━━━━━━━
• Side Stones Shape :- Round Cut
• Stone Weight :- 1.30 Carat
• Color :- F
• Clarity :- VVS2

Band width :- 3 mm
Setting style :- Prong setting
Halo :- Hidden halo beneath the center stone
Band style :- Pavé-set diamond band
Finish :- High-polish finish
Style :- Modern, glamorous and statement-inspired
Ideal for :- Engagement, proposal, anniversary or bridal jewelry

🏆 Metal Options
✓ 10K Solid Gold
✓ 14K Solid Gold
✓ 18K Solid Gold

Available Colors:
🟡 Yellow Gold | ⚪ White Gold | 🩷 Rose Gold

Silver Option:
✓ 935 Argentium Silver
━━━━━━━━━━━━━━━━━━

🎨 Customize Your Design
We handle both loose diamond sourcing and finished custom jewelry in-house, so changing up a design is no problem at all.

✔️ Want a bigger center stone?
✔️ Need a different prong style?
✔️ Looking for a matching band?
✔️ Need help sourcing a specific stone?
✔️ Want a totally new custom design?

Send over a message and we can work out the details.
━━━━━━━━━━━━━━━━━━

🚚 Production & Delivery
⏱️ Crafting Time: Give us 7 to 12 business days to make it.
🌎 Delivery: Secure shipping anywhere in the world.
🎁 Packaging: Arrives packed and ready to gift.
━━━━━━━━━━━━━━━━━━

📋 Cancellations & Returns
* Canceled within 3 hours: 10% fee applies.
* Canceled after 6 hours: 20% fee applies.
* Returns: Let us know within 7 days of delivery. Keep in mind that anything custom-made, personalized, or engraved is a final sale.
━━━━━━━━━━━━━━━━━━

❤️ About Floksy Jewel
Floksy Jewel is an actual manufacturing workshop based in Surat. We do not use middlemen. We source the loose lab-grown and natural diamonds ourselves, and we cast and polish the final custom jewelry right here. That means you get the piece straight from the source.

📩 Reach out if you need advice on picking a stone or want to start a custom build!",4966,USD,10,"Engagement_Ring,Wedding_Ring,Anniversary_Gift,Lab_Grown_Diamond,Gift_For_Her,Free_Engraving,Handmade_Jewelery,14K_Gold,Vintage_Ring,Prong_Setting_Ring,IGI_Certified,Marquise_ring,promise_ring","14k,10k,18k,Gold vermeil,Gold filled,Solid gold,Gold plated,Yellow gold,Rose gold,White gold,Silver,Diamond",https://i.etsystatic.com/67240768/r/il/f21314/8415065795/il_fullxfull.8415065795_o26j.jpg,https://i.etsystatic.com/67240768/r/il/1ef618/8367186958/il_fullxfull.8367186958_dfag.jpg,https://i.etsystatic.com/67240768/r/il/ec2811/8415066801/il_fullxfull.8415066801_fnhs.jpg,https://i.etsystatic.com/67240768/r/il/efe932/8415066789/il_fullxfull.8415066789_qjld.jpg,https://i.etsystatic.com/67240768/r/il/d68824/8415066811/il_fullxfull.8415066811_jpy0.jpg,https://i.etsystatic.com/67240768/r/il/daf6c9/8367187010/il_fullxfull.8367187010_78rl.jpg,https://i.etsystatic.com/67240768/r/il/3c0338/8367187018/il_fullxfull.8367187018_6wi2.jpg,https://i.etsystatic.com/67240768/r/il/60da6e/8415066953/il_fullxfull.8415066953_sq8d.jpg,https://i.etsystatic.com/67240768/r/il/ee5da3/8415066971/il_fullxfull.8415066971_ie16.jpg,,FJC0035 | 4-5
"5 Carat Radiant Lab Diamond Engagement Ring, 14K Gold Elongated Band, IGI Certified","5 Carat Radiant Lab diamond Engagement Ring, 14K Gold Elongated Bridal Band, Anniversary Gift Her  IGI CERTIFIDE 

💎 Handcrafted & Made to Order
Every piece we make is done to order right here in our Surat workshop. We never grab pre-made items off a shelf. Our team casts the metal and sets your stones one by one, which means your jewelry gets a proper, secure setting that can handle everyday life. If you need an engagement ring or just want a new piece for yourself, we put it together the right way.
━━━━━━━━━━━━━━━━━━

💎 Center Stone Specifications
* Category: Lab Grown Diamond
* Shape: 5CT Radiant
* Color: E
* Clarity: VVS2
* Cut: Excellent
* Polish & Symmetry: Excellent
* Certificate: IGI
━━━━━━━━━━━━━━━━━━
• Side Stones Shape :- Brilliant Round Cut
• Stone Type :- CVD HTHP DIAMOND
• Stone Weight :- 2.2 Carat
• Color :- F
• Clarity :- VS1
━━━━━━━━━━━━━━━━━━
Setting :- Four-prong elevated setting
Accent design :- Pavé V-shaped halo
Band style :- Polished plain band
Finish :- High polish
Ring style :- Modern solitaire with architectural halo
Available sizes :- Select from the available ring-size options


🏆 Metal Options
✓ 10K Solid Gold
✓ 14K Solid Gold
✓ 18K Solid Gold

Available Colors:
🟡 Yellow Gold | ⚪ White Gold | 🩷 Rose Gold

Silver Option:
✓ 935 Argentium Silver
━━━━━━━━━━━━━━━━━━

🎨 Customize Your Design
We handle both loose diamond sourcing and finished custom jewelry in-house, so changing up a design is no problem at all.

✔️ Want a bigger center stone?
✔️ Need a different prong style?
✔️ Looking for a matching band?
✔️ Need help sourcing a specific stone?
✔️ Want a totally new custom design?

Send over a message and we can work out the details.
━━━━━━━━━━━━━━━━━━

🚚 Production & Delivery
⏱️ Crafting Time: Give us 7 to 12 business days to make it.
🌎 Delivery: Secure shipping anywhere in the world.
🎁 Packaging: Arrives packed and ready to gift.
━━━━━━━━━━━━━━━━━━

📋 Cancellations & Returns
* Canceled within 3 hours: 10% fee applies.
* Canceled after 6 hours: 20% fee applies.
* Returns: Let us know within 7 days of delivery. Keep in mind that anything custom-made, personalized, or engraved is a final sale.
━━━━━━━━━━━━━━━━━━

❤️ About Floksy Jewel
Floksy Jewel is an actual manufacturing workshop based in Surat. We do not use middlemen. We source the loose lab-grown and natural diamonds ourselves, and we cast and polish the final custom jewelry right here. That means you get the piece straight from the source.

📩 Reach out if you need advice on picking a stone or want to start a custom build!",5369,USD,10,"Engagement_Ring,Wedding_Ring,Anniversary_Gift,Lab_Grown_Diamond,Gift_For_Her,Free_Engraving,Handmade_Jewelery,14K_Gold,Prong_Setting_Ring,IGI_Certified,SOLITIRE_RING,HALO_RING,radiant-cut","14k,10k,18k,Gold vermeil,Gold filled,Solid gold,Gold plated,Yellow gold,Rose gold,White gold,Silver,Diamond",https://i.etsystatic.com/67240768/r/il/2fb9fb/8367170664/il_fullxfull.8367170664_8ulj.jpg,https://i.etsystatic.com/67240768/r/il/ecc35a/8367169310/il_fullxfull.8367169310_qcan.jpg,https://i.etsystatic.com/67240768/r/il/83b02b/8367169352/il_fullxfull.8367169352_slzp.jpg,https://i.etsystatic.com/67240768/r/il/2c9ed7/8367169362/il_fullxfull.8367169362_hzmk.jpg,https://i.etsystatic.com/67240768/r/il/6485dc/8367169368/il_fullxfull.8367169368_k6iu.jpg,https://i.etsystatic.com/67240768/r/il/d75be3/8367169356/il_fullxfull.8367169356_jex7.jpg,https://i.etsystatic.com/67240768/r/il/a0bed7/8367169354/il_fullxfull.8367169354_61yq.jpg,https://i.etsystatic.com/67240768/r/il/71a5ca/8367169466/il_fullxfull.8367169466_loig.jpg,https://i.etsystatic.com/67240768/r/il/eab9bf/8415049059/il_fullxfull.8415049059_oltx.jpg,https://i.etsystatic.com/67240768/r/il/516bc5/8415049043/il_fullxfull.8415049043_6pam.jpg,FJC0034 | 4-5
"3ct Portuguese Cut Lab Diamond Ring, 14K Gold Marquise Bubble Band, Pavé Prongs (Certified)","3ct Portuguese Cut Lab diamond Ring, 14K Gold Marquise Bubble Band, Pavé Prongs Engagement Ring | IGI Certified

💎 Handcrafted & Made to Order
Every piece we make is done to order right here in our Surat workshop. We never grab pre-made items off a shelf. Our team casts the metal and sets your stones one by one, which means your jewelry gets a proper, secure setting that can handle everyday life. If you need an engagement ring or just want a new piece for yourself, we put it together the right way.
━━━━━━━━━━━━━━━━━━

💎 Center Stone Specifications
• Center Stone Shape :- Portuguese cut
• Center Stone Type :- CVD AND HTHP DIAMOND
• Stone Weight :- 3.00 Carat
• Stone Size :- 9.2 mm
• Color :- F
• Clarity :- VVS1
•----------------------
• Side Stones Shape :- Round / Marquise Cut
• Stone Type :- CVD/HTHP
• Stone Weight :- 0.76 Carat
• Color :- F
• Clarity :- VVS1
--------------------
• Accents Stone shape :- Micro Round Cut
• Weight :- 0.24 Carat
---------------------------------
• Setting details :- Diamond-accented pavé prongs
• Band style :- Marquise and round bubble band
• Ring style :- Statement engagement or anniversary ring
• Finish :- High-polish
• Made to order

🏆 Metal Options
✓ 10K Solid Gold
✓ 14K Solid Gold
✓ 18K Solid Gold

Available Colors:
🟡 Yellow Gold | ⚪ White Gold | 🩷 Rose Gold

Silver Option:
✓ 935 Argentium Silver
━━━━━━━━━━━━━━━━━━
Setting Style :-
------------------
Floral Flower Prongs
Marquise Bubble Eternity Style Band
High Profile Designer Setting

---------------------------------------------
Perfect For :-
---------------
Engagement
Proposal
Anniversary
Wedding
Valentine's Day
Birthday Gift
Christmas Gift
Luxury Jewelry Collection
Bridal Jewelry
Promise Ring

🎨 Customize Your Design
We handle both loose diamond sourcing and finished custom jewelry in-house, so changing up a design is no problem at all.

✔️ Want a bigger center stone?
✔️ Need a different prong style?
✔️ Looking for a matching band?
✔️ Need help sourcing a specific stone?
✔️ Want a totally new custom design?

Send over a message and we can work out the details.
━━━━━━━━━━━━━━━━━━

🚚 Production & Delivery
⏱️ Crafting Time: Give us 7 to 12 business days to make it.
🌎 Delivery: Secure shipping anywhere in the world.
🎁 Packaging: Arrives packed and ready to gift.
━━━━━━━━━━━━━━━━━━

📋 Cancellations & Returns
* Canceled within 3 hours: 10% fee applies.
* Canceled after 6 hours: 20% fee applies.
* Returns: Let us know within 7 days of delivery. Keep in mind that anything custom-made, personalized, or engraved is a final sale.
━━━━━━━━━━━━━━━━━━

❤️ About Floksy Jewel
Floksy Jewel is an actual manufacturing workshop based in Surat. We do not use middlemen. We source the loose lab-grown and natural diamonds ourselves, and we cast and polish the final custom jewelry right here. That means you get the piece straight from the source.

📩 Reach out if you need advice on picking a stone or want to start a custom build!",4618,USD,10,"Engagement_Ring,Wedding_Ring,Anniversary_Gift,Lab_Grown_Diamond,Gift_For_Her,Handmade_Jewelery,14K_Gold,Vintage_Ring,Prong_Setting_Ring,IGI_Certified,ROUND_diamond_ring,Floral_Prongs,Portuguese_Cut_ring","14k,10k,18k,Gold vermeil,Gold filled,Solid gold,Gold plated,Yellow gold,Rose gold,White gold,Silver,Diamond",https://i.etsystatic.com/67240768/r/il/6889e1/8364470782/il_fullxfull.8364470782_jydh.jpg,https://i.etsystatic.com/67240768/r/il/e10e4f/8364481974/il_fullxfull.8364481974_859m.jpg,https://i.etsystatic.com/67240768/r/il/ecc0b1/8412365777/il_fullxfull.8412365777_s3qo.jpg,https://i.etsystatic.com/67240768/r/il/c071fc/8412363069/il_fullxfull.8412363069_mu9h.jpg,https://i.etsystatic.com/67240768/r/il/890fe7/8412363075/il_fullxfull.8412363075_46a6.jpg,https://i.etsystatic.com/67240768/r/il/892864/8364481962/il_fullxfull.8364481962_5nb5.jpg,https://i.etsystatic.com/67240768/r/il/00b47f/8412363077/il_fullxfull.8412363077_2b2a.jpg,https://i.etsystatic.com/67240768/r/il/3479b0/8412363091/il_fullxfull.8412363091_17um.jpg,https://i.etsystatic.com/67240768/r/il/2fa3e1/8412365805/il_fullxfull.8412365805_bwcb.jpg,https://i.etsystatic.com/67240768/r/il/a59a83/8412365799/il_fullxfull.8412365799_ofoy.jpg,FJC0033 | 4-5
"Men's 6mm Lab Grown Diamond Wedding Band, 14K Yellow Gold Geometric Ring","Men's 6mm Lab Grown diamond Wedding Band, 14K Yellow Gold Geometric Faceted Ring Minimalist Stackable Ring Eternity Band.

💎 Handcrafted & Made to Order
Every piece we make is done to order right here in our Surat workshop. We never grab pre-made items off a shelf. Our team casts the metal and sets your stones one by one, which means your jewelry gets a proper, secure setting that can handle everyday life. If you need an engagement ring or just want a new piece for yourself, we put it together the right way.
━━━━━━━━━━━━━━━━━━

💎 Center Stone Specifications
* Band width :- 6 mm
• Stone Shape :- Brilliant Round Cut
• Stone Type :- Lab grown diamond 
• Stone Weight :- 0.80 Carat
• Color :- D
• Clarity :- VVS1
• Cut: Excellent
-----------------
• Pictured metal color :- Yellow gold
• Setting :- Individually set diamond border
• Design :- Beveled geometric and faceted center
• Finish :- High-polish reflective finish
• Style :- Modern, architectural and luxurious
• Suitable for :- Men, women and gender-neutral styling

🏆 Metal Options
✓ 10K Solid Gold
✓ 14K Solid Gold
✓ 18K Solid Gold

Available Colors:
🟡 Yellow Gold | ⚪ White Gold | 🩷 Rose Gold

Silver Option:
✓ 935 Argentium Silver
━━━━━━━━━━━━━━━━━━

🎨 Customize Your Design
We handle both loose diamond sourcing and finished custom jewelry in-house, so changing up a design is no problem at all.

✔️ Want a bigger center stone?
✔️ Need a different prong style?
✔️ Looking for a matching band?
✔️ Need help sourcing a specific stone?
✔️ Want a totally new custom design?

Send over a message and we can work out the details.
━━━━━━━━━━━━━━━━━━

🚚 Production & Delivery
⏱️ Crafting Time: Give us 7 to 12 business days to make it.
🌎 Delivery: Secure shipping anywhere in the world.
🎁 Packaging: Arrives packed and ready to gift.
━━━━━━━━━━━━━━━━━━

📋 Cancellations & Returns
* Canceled within 3 hours: 10% fee applies.
* Canceled after 6 hours: 20% fee applies.
* Returns: Let us know within 7 days of delivery. Keep in mind that anything custom-made, personalized, or engraved is a final sale.
━━━━━━━━━━━━━━━━━━

❤️ About Floksy Jewel
Floksy Jewel is an actual manufacturing workshop based in Surat. We do not use middlemen. We source the loose lab-grown and natural diamonds ourselves, and we cast and polish the final custom jewelry right here. That means you get the piece straight from the source.

📩 Reach out if you need advice on picking a stone or want to start a custom build!",3696,USD,10,"Engagement_Ring,Wedding_Ring,Anniversary_Gift,Lab_Grown_Diamond,Free_Engraving,Handmade_Jewelery,14K_Gold,Vintage_Ring,IGI_Certified,promise_ring,Eternity_band,Stackable_Ring,Cushion_diamond_band","14k,10k,18k,Gold vermeil,Gold filled,Solid gold,Gold plated,Yellow gold,Rose gold,White gold,Silver,Diamond",https://i.etsystatic.com/67240768/r/il/20410c/8364372264/il_fullxfull.8364372264_gl58.jpg,https://i.etsystatic.com/67240768/r/il/1b914e/8364376480/il_fullxfull.8364376480_ssxo.jpg,https://i.etsystatic.com/67240768/r/il/97fb41/8364376708/il_fullxfull.8364376708_jtv6.jpg,https://i.etsystatic.com/67240768/r/il/e1d6ed/8412258015/il_fullxfull.8412258015_nvdh.jpg,https://i.etsystatic.com/67240768/r/il/1de8c9/8412258165/il_fullxfull.8412258165_5byg.jpg,https://i.etsystatic.com/67240768/r/il/07fa77/8412258325/il_fullxfull.8412258325_1o3s.jpg,https://i.etsystatic.com/67240768/r/il/2e60c6/8364377134/il_fullxfull.8364377134_j4qu.jpg,,,,FJC0032| 4-5
"2 Carat Marquise Lab Diamond Engagement Ring, 14K White Gold Solitaire Bridal Ring","2 Carat Dutch Marquise Lab grown diamond Engagement Ring, 14K White Gold Solitaire Bridal Ring Elongated Diamond  6 Prong Gold Promise Ring
💎 Handcrafted & Made to Order
Every piece we make is done to order right here in our Surat workshop. We never grab pre-made items off a shelf. Our team casts the metal and sets your stones one by one, which means your jewelry gets a proper, secure setting that can handle everyday life. If you need an engagement ring or just want a new piece for yourself, we put it together the right way.
━━━━━━━━━━━━━━━━━━

💎 Center Stone Specifications
* Category: Lab Grown Diamond
* Shape: 2CT MARQUES 
* Color: E
* Clarity: VVS2
* Cut: Excellent
* Polish & Symmetry: Excellent
* Certificate: IGI
━━━━━━━━━━━━━━━━━━
Perfect For
Engagement Ring
Promise Ring
Wedding Ring
Anniversary Gift
Birthday Gift
Travel Ring
Bridal Jewelry
Minimalist Jewelry
Everyday Ring
Materials
Solid 14K Gold


🏆 Metal Options
✓ 10K Solid Gold
✓ 14K Solid Gold
✓ 18K Solid Gold

Available Colors:
🟡 Yellow Gold | ⚪ White Gold | 🩷 Rose Gold

Silver Option:
✓ 935 Argentium Silver
━━━━━━━━━━━━━━━━━━

🎨 Customize Your Design
We handle both loose diamond sourcing and finished custom jewelry in-house, so changing up a design is no problem at all.

✔️ Want a bigger center stone?
✔️ Need a different prong style?
✔️ Looking for a matching band?
✔️ Need help sourcing a specific stone?
✔️ Want a totally new custom design?

Send over a message and we can work out the details.
━━━━━━━━━━━━━━━━━━

🚚 Production & Delivery
⏱️ Crafting Time: Give us 7 to 12 business days to make it.
🌎 Delivery: Secure shipping anywhere in the world.
🎁 Packaging: Arrives packed and ready to gift.
━━━━━━━━━━━━━━━━━━

📋 Cancellations & Returns
* Canceled within 3 hours: 10% fee applies.
* Canceled after 6 hours: 20% fee applies.
* Returns: Let us know within 7 days of delivery. Keep in mind that anything custom-made, personalized, or engraved is a final sale.
━━━━━━━━━━━━━━━━━━

❤️ About Floksy Jewel
Floksy Jewel is an actual manufacturing workshop based in Surat. We do not use middlemen. We source the loose lab-grown and natural diamonds ourselves, and we cast and polish the final custom jewelry right here. That means you get the piece straight from the source.

📩 Reach out if you need advice on picking a stone or want to start a custom build!",4209,USD,10,"Engagement_Ring,Wedding_Ring,Anniversary_Gift,Lab_Grown_Diamond,Gift_For_Her,Free_Engraving,Handmade_Jewelery,14K_Gold,Prong_Setting_Ring,IGI_Certified,Marquise_ring,promise_ring,Dutch_Marquise_RING","14k,10k,18k,Gold vermeil,Gold filled,Solid gold,Gold plated,Yellow gold,Rose gold,White gold,Silver,Diamond",https://i.etsystatic.com/67240768/r/il/38334c/8364354256/il_fullxfull.8364354256_6xjx.jpg,https://i.etsystatic.com/67240768/r/il/1263a9/8364348254/il_fullxfull.8364348254_9c5z.jpg,https://i.etsystatic.com/67240768/r/il/103387/8364350670/il_fullxfull.8364350670_gtnf.jpg,https://i.etsystatic.com/67240768/r/il/c162f3/8364347842/il_fullxfull.8364347842_mlnn.jpg,https://i.etsystatic.com/67240768/r/il/6dae6b/8364335834/il_fullxfull.8364335834_l2br.jpg,https://i.etsystatic.com/67240768/r/il/09649e/8364335806/il_fullxfull.8364335806_nmzs.jpg,https://i.etsystatic.com/67240768/r/il/db8afe/8412216257/il_fullxfull.8412216257_t0kp.jpg,https://i.etsystatic.com/67240768/r/il/da1e3a/8412218725/il_fullxfull.8412218725_cx84.jpg,https://i.etsystatic.com/67240768/r/il/2abcd1/8412232069/il_fullxfull.8412232069_o0rd.jpg,https://i.etsystatic.com/67240768/r/il/845b60/8412218665/il_fullxfull.8412218665_pxns.jpg,FJC0027 | 4-5
8 CT Oval Cut Lab Grown Diamond Ring pink diamond  | Hidden Halo Engagement Ring | Band | IGI Certified | 14K White Gold Proposal Ring,"8 CT Oval Cut Lab Grown Diamond Ring pink diamond  | Hidden Halo Engagement Ring | Band | IGI Certified | 14K White Gold Proposal Ring 

💎 Handcrafted & Made to Order
Every piece we make is done to order right here in our Surat workshop. We never grab pre-made items off a shelf. Our team casts the metal and sets your stones one by one, which means your jewelry gets a proper, secure setting that can handle everyday life. If you need an engagement ring or just want a new piece for yourself, we put it together the right way.
━━━━━━━━━━━━━━━━━━

💎 Center Stone Specifications
* Category: Lab Grown Diamond
* Shape: 8 CT OVAL 
* Color: E
* Clarity: VVS2
* Cut: Excellent
* Polish & Symmetry: Excellent
* Certificate: IGI
━━━━━━━━━━━━━━━━━━
Side Stones :
Total Carat Weight - 1.10 Carat
Shape -  Marquise Cut
Color - E
Clarity - VVS2
---------------------------------
• Excellent Cut for Maximum Sparkle
• Full Diamond Eternity Band
• Pavé Prong Setting
• Hidden Halo Design
• Handmade Fine Jewelry
• Conflict-Free Moissanite Diamonds
• Available in multiple ring sizes


🏆 Metal Options
✓ 10K Solid Gold
✓ 14K Solid Gold
✓ 18K Solid Gold

Available Colors:
🟡 Yellow Gold | ⚪ White Gold | 🩷 Rose Gold

Silver Option:
✓ 935 Argentium Silver
━━━━━━━━━━━━━━━━━━

🎨 Customize Your Design
We handle both loose diamond sourcing and finished custom jewelry in-house, so changing up a design is no problem at all.

✔️ Want a bigger center stone?
✔️ Need a different prong style?
✔️ Looking for a matching band?
✔️ Need help sourcing a specific stone?
✔️ Want a totally new custom design?

Send over a message and we can work out the details.
━━━━━━━━━━━━━━━━━━

🚚 Production & Delivery
⏱️ Crafting Time: Give us 7 to 12 business days to make it.
🌎 Delivery: Secure shipping anywhere in the world.
🎁 Packaging: Arrives packed and ready to gift.
━━━━━━━━━━━━━━━━━━

📋 Cancellations & Returns
* Canceled within 3 hours: 10% fee applies.
* Canceled after 6 hours: 20% fee applies.
* Returns: Let us know within 7 days of delivery. Keep in mind that anything custom-made, personalized, or engraved is a final sale.
━━━━━━━━━━━━━━━━━━

❤️ About Floksy Jewel
Floksy Jewel is an actual manufacturing workshop based in Surat. We do not use middlemen. We source the loose lab-grown and natural diamonds ourselves, and we cast and polish the final custom jewelry right here. That means you get the piece straight from the source.

📩 Reach out if you need advice on picking a stone or want to start a custom build!",6216,USD,10,"Engagement_Ring,Wedding_Ring,Anniversary_Gift,Lab_Grown_Diamond,Gift_For_Her,Free_Engraving,Handmade_Jewelery,14K_Gold,Vintage_Ring,Prong_Setting_Ring,IGI_Certified,promise_ring,Oval_ring","14k,10k,18k,Gold vermeil,Gold filled,Solid gold,Gold plated,Yellow gold,Rose gold,White gold,Silver,Diamond",https://i.etsystatic.com/67240768/r/il/3de2d6/8362951346/il_fullxfull.8362951346_kzft.jpg,https://i.etsystatic.com/67240768/r/il/667872/8362952400/il_fullxfull.8362952400_qw9p.jpg,https://i.etsystatic.com/67240768/r/il/eb544a/8410835229/il_fullxfull.8410835229_t0yx.jpg,https://i.etsystatic.com/67240768/r/il/e3bfe3/8410835301/il_fullxfull.8410835301_jnrh.jpg,https://i.etsystatic.com/67240768/r/il/d09f2e/8410835383/il_fullxfull.8410835383_pkq6.jpg,https://i.etsystatic.com/67240768/r/il/af8cd8/8362952972/il_fullxfull.8362952972_7wyr.jpg,https://i.etsystatic.com/67240768/r/il/a57e24/8410835235/il_fullxfull.8410835235_1z0z.jpg,https://i.etsystatic.com/67240768/r/il/24721a/8362952242/il_fullxfull.8362952242_jklf.jpg,https://i.etsystatic.com/67240768/r/il/7e2fc2/8362953076/il_fullxfull.8362953076_nilf.jpg,,FJC0031 | 4-5
6CT Pear Cut Lab Grown Diamond Engagement Ring 14K Gold Bridal Solitaire Ring,"6CT Pear Cut Lab Grown Diamond Engagement Ring  14K Gold Wedding Ring for Women Jewelry 14K Solid Gold Teardrop Solitaire Bridal Ring 

💎 Handcrafted & Made to Order
Every piece we make is done to order right here in our Surat workshop. We never grab pre-made items off a shelf. Our team casts the metal and sets your stones one by one, which means your jewelry gets a proper, secure setting that can handle everyday life. If you need an engagement ring or just want a new piece for yourself, we put it together the right way.
━━━━━━━━━━━━━━━━━━

💎 Center Stone Specifications
* Category: Lab Grown Diamond
* Shape: 3CT PEAR
* Color: E
* Clarity: VVS2
* Cut: Excellent
* Polish & Symmetry: Excellent
* Certificate: IGI
━━━━━━━━━━━━━━━━━━
• Side Stones Shape :- Marquise  Cut
• Stone Weight :- 1.10 Carat ( Total)
• Color :- D
• Clarity :- VVS2
-------------------------
Band design :- Three-row pavé
Prong style :- Pavé-set prongs
Finish :- High polish
Style :- Statement, modern luxury and bridal
Ring size :- Select from the available options


🏆 Metal Options
✓ 10K Solid Gold
✓ 14K Solid Gold
✓ 18K Solid Gold

Available Colors:
🟡 Yellow Gold | ⚪ White Gold | 🩷 Rose Gold

Silver Option:
✓ 935 Argentium Silver
━━━━━━━━━━━━━━━━━━

🎨 Customize Your Design
We handle both loose diamond sourcing and finished custom jewelry in-house, so changing up a design is no problem at all.

✔️ Want a bigger center stone?
✔️ Need a different prong style?
✔️ Looking for a matching band?
✔️ Need help sourcing a specific stone?
✔️ Want a totally new custom design?

Send over a message and we can work out the details.
━━━━━━━━━━━━━━━━━━

🚚 Production & Delivery
⏱️ Crafting Time: Give us 7 to 12 business days to make it.
🌎 Delivery: Secure shipping anywhere in the world.
🎁 Packaging: Arrives packed and ready to gift.
━━━━━━━━━━━━━━━━━━

📋 Cancellations & Returns
* Canceled within 3 hours: 10% fee applies.
* Canceled after 6 hours: 20% fee applies.
* Returns: Let us know within 7 days of delivery. Keep in mind that anything custom-made, personalized, or engraved is a final sale.
━━━━━━━━━━━━━━━━━━

❤️ About Floksy Jewel
Floksy Jewel is an actual manufacturing workshop based in Surat. We do not use middlemen. We source the loose lab-grown and natural diamonds ourselves, and we cast and polish the final custom jewelry right here. That means you get the piece straight from the source.

📩 Reach out if you need advice on picking a stone or want to start a custom build!",5586,USD,10,"Engagement_Ring,Wedding_Ring,Anniversary_Gift,Lab_Grown_Diamond,Gift_For_Her,Free_Engraving,Handmade_Jewelery,14K_Gold,Vintage_Ring,Prong_Setting_Ring,IGI_Certified,promise_ring,Pear_shape_ring","14k,10k,18k,Gold vermeil,Gold filled,Solid gold,Gold plated,Yellow gold,Rose gold,White gold,Silver,Diamond",https://i.etsystatic.com/67240768/r/il/1f79f5/8364356914/il_fullxfull.8364356914_e4ee.jpg,https://i.etsystatic.com/67240768/r/il/c84824/8362934698/il_fullxfull.8362934698_jx6a.jpg,https://i.etsystatic.com/67240768/r/il/ce7189/8362934596/il_fullxfull.8362934596_gjpy.jpg,https://i.etsystatic.com/67240768/r/il/9d5659/8362934918/il_fullxfull.8362934918_9hym.jpg,https://i.etsystatic.com/67240768/r/il/245f03/8362934824/il_fullxfull.8362934824_b05s.jpg,https://i.etsystatic.com/67240768/r/il/abe3bc/8362934756/il_fullxfull.8362934756_i106.jpg,https://i.etsystatic.com/67240768/r/il/7739b0/8362934870/il_fullxfull.8362934870_2q6p.jpg,https://i.etsystatic.com/67240768/r/il/bf7068/8410817805/il_fullxfull.8410817805_gobl.jpg,,,FJC0030 | 4-5
"4CT Emerald Cut Lab Grown Diamond Engagement Ring, Art Deco Kite Bridal Ring","4CT Emerald Cut Lab grown diamond  Engagement Ring, Art Deco Kite Side Stone Bridal Ring

💎 Handcrafted & Made to Order
Every piece we make is done to order right here in our Surat workshop. We never grab pre-made items off a shelf. Our team casts the metal and sets your stones one by one, which means your jewelry gets a proper, secure setting that can handle everyday life. If you need an engagement ring or just want a new piece for yourself, we put it together the right way.
━━━━━━━━━━━━━━━━━━

💎 Center Stone Specifications
* Category: Lab Grown Diamond
* Shape: 4 CT Emerald Cut
* Color: E
* Clarity: VVS2
* Cut: Excellent
* Polish & Symmetry: Excellent
* Certificate: IGI
-------------------
• Accent Style :- Hidden Halo + Diamond Inlay
• Side Stones Weight :- 0.60 CT
• Side Stones Cut :- Round Cut
• Style :- Modern Luxury / Statement Engagement Ring
• Finish :- High Polish
Perfect For:
---------------
Engagements, anniversaries, proposals, milestone gifts, bridal jewelry, luxury everyday wear.


🏆 Metal Options
✓ 10K Solid Gold
✓ 14K Solid Gold
✓ 18K Solid Gold

Available Colors:
🟡 Yellow Gold | ⚪ White Gold | 🩷 Rose Gold

Silver Option:
✓ 935 Argentium Silver
━━━━━━━━━━━━━━━━━━

🎨 Customize Your Design
We handle both loose diamond sourcing and finished custom jewelry in-house, so changing up a design is no problem at all.

✔️ Want a bigger center stone?
✔️ Need a different prong style?
✔️ Looking for a matching band?
✔️ Need help sourcing a specific stone?
✔️ Want a totally new custom design?

Send over a message and we can work out the details.
━━━━━━━━━━━━━━━━━━

🚚 Production & Delivery
⏱️ Crafting Time: Give us 7 to 12 business days to make it.
🌎 Delivery: Secure shipping anywhere in the world.
🎁 Packaging: Arrives packed and ready to gift.
━━━━━━━━━━━━━━━━━━

📋 Cancellations & Returns
* Canceled within 3 hours: 10% fee applies.
* Canceled after 6 hours: 20% fee applies.
* Returns: Let us know within 7 days of delivery. Keep in mind that anything custom-made, personalized, or engraved is a final sale.
━━━━━━━━━━━━━━━━━━

❤️ About Floksy Jewel
Floksy Jewel is an actual manufacturing workshop based in Surat. We do not use middlemen. We source the loose lab-grown and natural diamonds ourselves, and we cast and polish the final custom jewelry right here. That means you get the piece straight from the source.

📩 Reach out if you need advice on picking a stone or want to start a custom build!",4897,USD,10,"Engagement_Ring,Wedding_Ring,Anniversary_Gift,Lab_Grown_Diamond,Free_Engraving,Handmade_Jewelery,14K_Gold,Prong_Setting_Ring,IGI_Certified,promise_ring,Women_Emerald_ring,Gift_for_mom,vintage_ring","14k,10k,18k,Gold vermeil,Gold filled,Solid gold,Gold plated,Yellow gold,Rose gold,White gold,Silver,Diamond",https://i.etsystatic.com/67240768/r/il/afe518/8362893492/il_fullxfull.8362893492_n90v.jpg,https://i.etsystatic.com/67240768/r/il/d59874/8362892134/il_fullxfull.8362892134_1z03.jpg,https://i.etsystatic.com/67240768/r/il/87ca77/8362892164/il_fullxfull.8362892164_8tdb.jpg,https://i.etsystatic.com/67240768/r/il/2ae6b9/8410775109/il_fullxfull.8410775109_6aqt.jpg,https://i.etsystatic.com/67240768/r/il/d05b80/8362892238/il_fullxfull.8362892238_gh2z.jpg,https://i.etsystatic.com/67240768/r/il/620216/8362892236/il_fullxfull.8362892236_fzdu.jpg,https://i.etsystatic.com/67240768/r/il/865d54/8410774875/il_fullxfull.8410774875_pmpb.jpg,https://i.etsystatic.com/67240768/r/il/fd98c7/8362892656/il_fullxfull.8362892656_6oi3.jpg,https://i.etsystatic.com/67240768/r/il/48f9c7/8362892674/il_fullxfull.8362892674_96w5.jpg,,FJC0029 | 4-5
"3CT Pear Cut Lab Grown Diamond Engagement Ring, 14K Gold Bridal Solitaire Ring","3CT Pear Cut Lab Grown Diamond Engagement Ring  14K Gold Wedding Ring for Women Jewelry 14K Solid Gold Teardrop Solitaire Bridal Ring 

💎 Handcrafted & Made to Order
Every piece we make is done to order right here in our Surat workshop. We never grab pre-made items off a shelf. Our team casts the metal and sets your stones one by one, which means your jewelry gets a proper, secure setting that can handle everyday life. If you need an engagement ring or just want a new piece for yourself, we put it together the right way.
━━━━━━━━━━━━━━━━━━

💎 Center Stone Specifications
* Category: Lab Grown Diamond
* Shape: 3CT PEAR
* Color: E
* Clarity: VVS2
* Cut: Excellent
* Polish & Symmetry: Excellent
* Certificate: IGI
━━━━━━━━━━━━━━━━━━
• Side Stones Shape :- Brilliant Round Cut
• Stone Weight :- 0.80 Carat ( Total)
• Color :- D
• Clarity :- VVS2
-------------------------
Band design :- Three-row pavé
Prong style :- Pavé-set prongs
Finish :- High polish
Style :- Statement, modern luxury and bridal
Ring size :- Select from the available options


🏆 Metal Options
✓ 10K Solid Gold
✓ 14K Solid Gold
✓ 18K Solid Gold

Available Colors:
🟡 Yellow Gold | ⚪ White Gold | 🩷 Rose Gold

Silver Option:
✓ 935 Argentium Silver
━━━━━━━━━━━━━━━━━━

🎨 Customize Your Design
We handle both loose diamond sourcing and finished custom jewelry in-house, so changing up a design is no problem at all.

✔️ Want a bigger center stone?
✔️ Need a different prong style?
✔️ Looking for a matching band?
✔️ Need help sourcing a specific stone?
✔️ Want a totally new custom design?

Send over a message and we can work out the details.
━━━━━━━━━━━━━━━━━━

🚚 Production & Delivery
⏱️ Crafting Time: Give us 7 to 12 business days to make it.
🌎 Delivery: Secure shipping anywhere in the world.
🎁 Packaging: Arrives packed and ready to gift.
━━━━━━━━━━━━━━━━━━

📋 Cancellations & Returns
* Canceled within 3 hours: 10% fee applies.
* Canceled after 6 hours: 20% fee applies.
* Returns: Let us know within 7 days of delivery. Keep in mind that anything custom-made, personalized, or engraved is a final sale.
━━━━━━━━━━━━━━━━━━

❤️ About Floksy Jewel
Floksy Jewel is an actual manufacturing workshop based in Surat. We do not use middlemen. We source the loose lab-grown and natural diamonds ourselves, and we cast and polish the final custom jewelry right here. That means you get the piece straight from the source.

📩 Reach out if you need advice on picking a stone or want to start a custom build!",4622,USD,10,"Engagement_Ring,Wedding_Ring,Anniversary_Gift,Lab_Grown_Diamond,Gift_For_Her,Free_Engraving,Handmade_Jewelery,14K_Gold,Vintage_Ring,Prong_Setting_Ring,IGI_Certified,promise_ring,Pear_shape_ring","14k,10k,18k,Gold vermeil,Gold filled,Solid gold,Gold plated,Yellow gold,Rose gold,White gold,Silver,Diamond",https://i.etsystatic.com/67240768/r/il/94cc8b/8410741999/il_fullxfull.8410741999_isk0.jpg,https://i.etsystatic.com/67240768/r/il/5e6efd/8410742661/il_fullxfull.8410742661_abxb.jpg,https://i.etsystatic.com/67240768/r/il/538eed/8410742729/il_fullxfull.8410742729_9z2i.jpg,https://i.etsystatic.com/67240768/r/il/8743a8/8362860240/il_fullxfull.8362860240_ofxx.jpg,https://i.etsystatic.com/67240768/r/il/e222bd/8362860232/il_fullxfull.8362860232_q68j.jpg,https://i.etsystatic.com/67240768/r/il/45ca96/8362860228/il_fullxfull.8362860228_lnxk.jpg,https://i.etsystatic.com/67240768/r/il/2c559a/8410742733/il_fullxfull.8410742733_dm0n.jpg,https://i.etsystatic.com/67240768/r/il/fbb776/8362860292/il_fullxfull.8362860292_4a9m.jpg,,,FJC0028 | 4-5
7 CT Oval Lab Grown Diamond Ring 14K White Gold Pavé Band IGI Certified,"7 CT Oval Cut Lab Grown Diamond Ring | Hidden Halo Engagement Ring | Pavé Diamond Band | IGI Certified | 14K White Gold Proposal Ring

💎 Handcrafted & Made to Order
Every piece we make is done to order right here in our Surat workshop. We never grab pre-made items off a shelf. Our team casts the metal and sets your stones one by one, which means your jewelry gets a proper, secure setting that can handle everyday life. If you need an engagement ring or just want a new piece for yourself, we put it together the right way.
━━━━━━━━━━━━━━━━━━

💎 Center Stone Specifications
* Category: Lab Grown Diamond
* Shape: 7 CT OVAL 
* Color: E
* Clarity: VVS2
* Cut: Excellent
* Polish & Symmetry: Excellent
* Certificate: IGI
━━━━━━━━━━━━━━━━━━
Side Stones :
Total Carat Weight - 1 Carat
Shape - Round Brilliant
Color - E
Clarity - VVS2
---------------------------------
• Excellent Cut for Maximum Sparkle
• Full Diamond Eternity Band
• Pavé Prong Setting
• Hidden Halo Design
• Handmade Fine Jewelry
• Conflict-Free Moissanite Diamonds
• Available in multiple ring sizes


🏆 Metal Options
✓ 10K Solid Gold
✓ 14K Solid Gold
✓ 18K Solid Gold

Available Colors:
🟡 Yellow Gold | ⚪ White Gold | 🩷 Rose Gold

Silver Option:
✓ 935 Argentium Silver
━━━━━━━━━━━━━━━━━━

🎨 Customize Your Design
We handle both loose diamond sourcing and finished custom jewelry in-house, so changing up a design is no problem at all.

✔️ Want a bigger center stone?
✔️ Need a different prong style?
✔️ Looking for a matching band?
✔️ Need help sourcing a specific stone?
✔️ Want a totally new custom design?

Send over a message and we can work out the details.
━━━━━━━━━━━━━━━━━━

🚚 Production & Delivery
⏱️ Crafting Time: Give us 7 to 12 business days to make it.
🌎 Delivery: Secure shipping anywhere in the world.
🎁 Packaging: Arrives packed and ready to gift.
━━━━━━━━━━━━━━━━━━

📋 Cancellations & Returns
* Canceled within 3 hours: 10% fee applies.
* Canceled after 6 hours: 20% fee applies.
* Returns: Let us know within 7 days of delivery. Keep in mind that anything custom-made, personalized, or engraved is a final sale.
━━━━━━━━━━━━━━━━━━

❤️ About Floksy Jewel
Floksy Jewel is an actual manufacturing workshop based in Surat. We do not use middlemen. We source the loose lab-grown and natural diamonds ourselves, and we cast and polish the final custom jewelry right here. That means you get the piece straight from the source.

📩 Reach out if you need advice on picking a stone or want to start a custom build!",5882,USD,10,"Engagement_Ring,Wedding_Ring,Anniversary_Gift,Lab_Grown_Diamond,Gift_For_Her,Free_Engraving,Handmade_Jewelery,14K_Gold,Vintage_Ring,Prong_Setting_Ring,IGI_Certified,promise_ring,Oval_ring","14k,10k,18k,Gold vermeil,Gold filled,Solid gold,Gold plated,Yellow gold,Rose gold,White gold,Silver,Diamond",https://i.etsystatic.com/67240768/r/il/549b75/8362836400/il_fullxfull.8362836400_gbo9.jpg,https://i.etsystatic.com/67240768/r/il/b96dc6/8410707565/il_fullxfull.8410707565_o027.jpg,https://i.etsystatic.com/67240768/r/il/253b65/8410707571/il_fullxfull.8410707571_f0ad.jpg,https://i.etsystatic.com/67240768/r/il/18d708/8410707637/il_fullxfull.8410707637_a3qw.jpg,https://i.etsystatic.com/67240768/r/il/214a46/8410707643/il_fullxfull.8410707643_nqj2.jpg,https://i.etsystatic.com/67240768/r/il/1b1c9b/8362824684/il_fullxfull.8362824684_b4w1.jpg,https://i.etsystatic.com/67240768/r/il/6d1981/8362824712/il_fullxfull.8362824712_6t64.jpg,https://i.etsystatic.com/67240768/r/il/d6336a/8362824746/il_fullxfull.8362824746_nj99.jpg,https://i.etsystatic.com/67240768/r/il/3d6911/8362824740/il_fullxfull.8362824740_lzqi.jpg,https://i.etsystatic.com/67240768/r/il/af82a1/8362824820/il_fullxfull.8362824820_2fww.jpg,FJC0026| 4-5
"Oval Cut Lab Grown Diamond Halo Engagement Ring | Pavé Band, IGI Certified, 14K White Gold","7CT Oval Cut Lab Grown Diamond Ring | Hidden Halo Engagement Ring | Pavé Diamond Band | IGI Certified | 14K White Gold Proposal Ring

💎 Handcrafted & Made to Order
Every piece we make is done to order right here in our Surat workshop. We never grab pre-made items off a shelf. Our team casts the metal and sets your stones one by one, which means your jewelry gets a proper, secure setting that can handle everyday life. If you need an engagement ring or just want a new piece for yourself, we put it together the right way.
━━━━━━━━━━━━━━━━━━

💎 Center Stone Specifications
* Category: Lab Grown Diamond
* Shape: 4 CT OVAL 
* Color: E
* Clarity: VVS2
* Cut: Excellent
* Polish & Symmetry: Excellent
* Certificate: IGI
━━━━━━━━━━━━━━━━━━
Side Stones :
Total Carat Weight - 0.50 Carat
Shape - Round Brilliant
Color - E
Clarity - VVS2

🏆 Metal Options
✓ 10K Solid Gold
✓ 14K Solid Gold
✓ 18K Solid Gold

Available Colors:
🟡 Yellow Gold | ⚪ White Gold | 🩷 Rose Gold

Silver Option:
✓ 935 Argentium Silver
━━━━━━━━━━━━━━━━━━

🎨 Customize Your Design
We handle both loose diamond sourcing and finished custom jewelry in-house, so changing up a design is no problem at all.

✔️ Want a bigger center stone?
✔️ Need a different prong style?
✔️ Looking for a matching band?
✔️ Need help sourcing a specific stone?
✔️ Want a totally new custom design?

Send over a message and we can work out the details.
━━━━━━━━━━━━━━━━━━

🚚 Production & Delivery
⏱️ Crafting Time: Give us 7 to 12 business days to make it.
🌎 Delivery: Secure shipping anywhere in the world.
🎁 Packaging: Arrives packed and ready to gift.
━━━━━━━━━━━━━━━━━━

📋 Cancellations & Returns
* Canceled within 3 hours: 10% fee applies.
* Canceled after 6 hours: 20% fee applies.
* Returns: Let us know within 7 days of delivery. Keep in mind that anything custom-made, personalized, or engraved is a final sale.
━━━━━━━━━━━━━━━━━━

❤️ About Floksy Jewel
Floksy Jewel is an actual manufacturing workshop based in Surat. We do not use middlemen. We source the loose lab-grown and natural diamonds ourselves, and we cast and polish the final custom jewelry right here. That means you get the piece straight from the source.

📩 Reach out if you need advice on picking a stone or want to start a custom build!",5941,USD,10,"Engagement_Ring,Wedding_Ring,Anniversary_Gift,Lab_Grown_Diamond,Gift_For_Her,Free_Engraving,Handmade_Jewelery,14K_Gold,Vintage_Ring,Prong_Setting_Ring,IGI_Certified,promise_ring,Oval_ring","14k,10k,18k,Gold vermeil,Gold filled,Solid gold,Gold plated,Yellow gold,Rose gold,White gold,Silver,Diamond",https://i.etsystatic.com/67240768/r/il/89a4ec/8362795294/il_fullxfull.8362795294_8srt.jpg,https://i.etsystatic.com/67240768/r/il/4e7798/8362780338/il_fullxfull.8362780338_5u4c.jpg,https://i.etsystatic.com/67240768/r/il/dfb84f/8362780342/il_fullxfull.8362780342_ol93.jpg,https://i.etsystatic.com/67240768/r/il/4a59c6/8362780356/il_fullxfull.8362780356_j48y.jpg,https://i.etsystatic.com/67240768/r/il/49e764/8362780346/il_fullxfull.8362780346_cs9k.jpg,https://i.etsystatic.com/67240768/r/il/02f4a2/8410663649/il_fullxfull.8410663649_lzgy.jpg,https://i.etsystatic.com/67240768/r/il/a28844/8362780334/il_fullxfull.8362780334_eq4w.jpg,https://i.etsystatic.com/67240768/r/il/e522a6/8362780410/il_fullxfull.8362780410_o4wp.jpg,,,FJC0025 | 4-5
"5ct Pink Oval Lab Grown Diamond Engagement Ring, 14K Gold Bubble Band (IGI Certified)","5ct Pink Oval Lab Grown diamond Engagement Ring, 14K Gold Bubble Band, Pavé Prongs Bridal Ring  Round Bubble Diamond Band IGI certified 

💎 Handcrafted & Made to Order
Every piece we make is done to order right here in our Surat workshop. We never grab pre-made items off a shelf. Our team casts the metal and sets your stones one by one, which means your jewelry gets a proper, secure setting that can handle everyday life. If you need an engagement ring or just want a new piece for yourself, we put it together the right way.
━━━━━━━━━━━━━━━━━━

💎 Center Stone Specifications
* Category: Lab Grown Diamond
* Shape: 5 CT OVAL 
* Color: Light Pink
* Clarity: VVS2
* Cut: Excellent
* Polish & Symmetry: Excellent
* Certificate: IGI
━━━━━━━━━━━━━━━━━━
Side Stones :
Total Carat Weight - 0.50 Carat
Shape - Round Brilliant
Color - E
Clarity - VVS2

-----------------------------------------------
Perfect Gift For :-
Engagement
Proposal
Wedding
Anniversary
Valentine's Day
Birthday
Christmas
Mother's Day
Bridal Gift
Promise Ring

🏆 Metal Options
✓ 10K Solid Gold
✓ 14K Solid Gold
✓ 18K Solid Gold

Available Colors:
🟡 Yellow Gold | ⚪ White Gold | 🩷 Rose Gold

Silver Option:
✓ 935 Argentium Silver
━━━━━━━━━━━━━━━━━━

🎨 Customize Your Design
We handle both loose diamond sourcing and finished custom jewelry in-house, so changing up a design is no problem at all.

✔️ Want a bigger center stone?
✔️ Need a different prong style?
✔️ Looking for a matching band?
✔️ Need help sourcing a specific stone?
✔️ Want a totally new custom design?

Send over a message and we can work out the details.
━━━━━━━━━━━━━━━━━━

🚚 Production & Delivery
⏱️ Crafting Time: Give us 7 to 12 business days to make it.
🌎 Delivery: Secure shipping anywhere in the world.
🎁 Packaging: Arrives packed and ready to gift.
━━━━━━━━━━━━━━━━━━

📋 Cancellations & Returns
* Canceled within 3 hours: 10% fee applies.
* Canceled after 6 hours: 20% fee applies.
* Returns: Let us know within 7 days of delivery. Keep in mind that anything custom-made, personalized, or engraved is a final sale.
━━━━━━━━━━━━━━━━━━

❤️ About Floksy Jewel
Floksy Jewel is an actual manufacturing workshop based in Surat. We do not use middlemen. We source the loose lab-grown and natural diamonds ourselves, and we cast and polish the final custom jewelry right here. That means you get the piece straight from the source.

📩 Reach out if you need advice on picking a stone or want to start a custom build!",5231,USD,10,"Engagement_Ring,Wedding_Ring,Anniversary_Gift,Lab_Grown_Diamond,Gift_For_Her,Free_Engraving,Handmade_Jewelery,14K_Gold,Prong_Setting_Ring,IGI_Certified,promise_ring,Oval_ring,pink_diamond_ring","14k,10k,18k,Gold vermeil,Gold filled,Solid gold,Gold plated,Yellow gold,Rose gold,White gold,Silver,Diamond",https://i.etsystatic.com/67240768/r/il/3da348/8362717040/il_fullxfull.8362717040_g0mp.jpg,https://i.etsystatic.com/67240768/r/il/7a6094/8362717602/il_fullxfull.8362717602_nwbr.jpg,https://i.etsystatic.com/67240768/r/il/f0190e/8410600697/il_fullxfull.8410600697_9g34.jpg,https://i.etsystatic.com/67240768/r/il/7c395a/8362717600/il_fullxfull.8362717600_giez.jpg,https://i.etsystatic.com/67240768/r/il/d6d432/8410600693/il_fullxfull.8410600693_bj01.jpg,https://i.etsystatic.com/67240768/r/il/9e55e1/8410600701/il_fullxfull.8410600701_gept.jpg,https://i.etsystatic.com/67240768/r/il/f70639/8362717594/il_fullxfull.8362717594_5pcy.jpg,https://i.etsystatic.com/67240768/r/il/959286/8362717696/il_fullxfull.8362717696_rcqu.jpg,,,FJC0024.1 | 4-5
7 Carat Radiant Lab Diamond V Halo Engagement Ring 14K White Gold (IGI Certified),"7 Carat Radian Lab grown diamond  V Halo Engagement Ring 14K White Gold Solitaire Bridal IGI CERTIFIDE 

💎 Handcrafted & Made to Order
Every piece we make is done to order right here in our Surat workshop. We never grab pre-made items off a shelf. Our team casts the metal and sets your stones one by one, which means your jewelry gets a proper, secure setting that can handle everyday life. If you need an engagement ring or just want a new piece for yourself, we put it together the right way.
━━━━━━━━━━━━━━━━━━

💎 Center Stone Specifications
* Category: Lab Grown Diamond
* Shape: 7CT Radiant
* Color: E
* Clarity: VVS2
* Cut: Excellent
* Polish & Symmetry: Excellent
* Certificate: IGI
━━━━━━━━━━━━━━━━━━
• Side Stones Shape :- Brilliant Round Cut
• Stone Type :- CVD HTHP DIAMOND
• Stone Weight :- 1.20Carat
• Color :- F
• Clarity :- VS1
━━━━━━━━━━━━━━━━━━
Setting :- Four-prong elevated setting
Accent design :- Pavé V-shaped halo
Band style :- Polished plain band
Finish :- High polish
Ring style :- Modern solitaire with architectural halo
Available sizes :- Select from the available ring-size options


🏆 Metal Options
✓ 10K Solid Gold
✓ 14K Solid Gold
✓ 18K Solid Gold

Available Colors:
🟡 Yellow Gold | ⚪ White Gold | 🩷 Rose Gold

Silver Option:
✓ 935 Argentium Silver
━━━━━━━━━━━━━━━━━━

🎨 Customize Your Design
We handle both loose diamond sourcing and finished custom jewelry in-house, so changing up a design is no problem at all.

✔️ Want a bigger center stone?
✔️ Need a different prong style?
✔️ Looking for a matching band?
✔️ Need help sourcing a specific stone?
✔️ Want a totally new custom design?

Send over a message and we can work out the details.
━━━━━━━━━━━━━━━━━━

🚚 Production & Delivery
⏱️ Crafting Time: Give us 7 to 12 business days to make it.
🌎 Delivery: Secure shipping anywhere in the world.
🎁 Packaging: Arrives packed and ready to gift.
━━━━━━━━━━━━━━━━━━

📋 Cancellations & Returns
* Canceled within 3 hours: 10% fee applies.
* Canceled after 6 hours: 20% fee applies.
* Returns: Let us know within 7 days of delivery. Keep in mind that anything custom-made, personalized, or engraved is a final sale.
━━━━━━━━━━━━━━━━━━

❤️ About Floksy Jewel
Floksy Jewel is an actual manufacturing workshop based in Surat. We do not use middlemen. We source the loose lab-grown and natural diamonds ourselves, and we cast and polish the final custom jewelry right here. That means you get the piece straight from the source.

📩 Reach out if you need advice on picking a stone or want to start a custom build!",5906,USD,10,"Engagement_Ring,Wedding_Ring,Anniversary_Gift,Lab_Grown_Diamond,Gift_For_Her,Free_Engraving,Handmade_Jewelery,14K_Gold,Prong_Setting_Ring,IGI_Certified,SOLITIRE_RING,HALO_RING,radiant-cut","14k,10k,18k,Gold vermeil,Gold filled,Solid gold,Gold plated,Yellow gold,Rose gold,White gold,Silver,Diamond",https://i.etsystatic.com/67240768/r/il/1c8606/8362707800/il_fullxfull.8362707800_h5ue.jpg,https://i.etsystatic.com/67240768/r/il/d6bf2c/8410590099/il_fullxfull.8410590099_774o.jpg,https://i.etsystatic.com/67240768/r/il/9e1a14/8362706802/il_fullxfull.8362706802_avxy.jpg,https://i.etsystatic.com/67240768/r/il/3c5fde/8362706842/il_fullxfull.8362706842_mvcq.jpg,https://i.etsystatic.com/67240768/r/il/6415f5/8410590101/il_fullxfull.8410590101_10vq.jpg,https://i.etsystatic.com/67240768/r/il/3cff00/8362706776/il_fullxfull.8362706776_cjwx.jpg,https://i.etsystatic.com/67240768/r/il/78869f/8362706804/il_fullxfull.8362706804_kvj2.jpg,https://i.etsystatic.com/67240768/r/il/9dfdb9/8362706900/il_fullxfull.8362706900_if58.jpg,,,FJC0024 | 4-5
"6CT Elongated Cushion Lab Diamond Ring, 14K White Gold Pavé Cathedral Setting (IGI Certificate)","6CT Elongated CushionCut Lab grown diamond Ring, 14K White Gold Pavé Cathedral Setting,  IGI certificate diamond 

💎 Handcrafted  & Made to Order
Every piece we make is done to order right here in our Surat workshop. We never grab pre-made items off a shelf. Our team casts the metal and sets your stones one by one, which means your jewelry gets a proper, secure setting that can handle everyday life. If you need an engagement ring or just want a new piece for yourself, we put it together the right way.
━━━━━━━━━━━━━━━━━━

💎 Center Stone Specifications
* Category: Lab Grown Diamond
* Shape: 6 CT CUSHION
* Color: E
* Clarity: VVS2
* Cut: Excellent
* Polish & Symmetry: Excellent
* Certificate: IGI
━━━━━━━━━━━━━━━━━━
• Side Stones Shape :- Brilliant Round 
• Stone Type :- CVD-HTHP Diamond
• Stone Weight :-0.30 Carat
• Color :- F
• Clarity :- VS
━━━━━━━━━━━━━━━━━━
🏆 Metal Options
✓ 10K Solid Gold
✓ 14K Solid Gold
✓ 18K Solid Gold

Available Colors:
🟡 Yellow Gold | ⚪ White Gold | 🩷 Rose Gold

Silver Option:
✓ 935 Argentium Silver
━━━━━━━━━━━━━━━━━━
Why You'll Love It :-
----------------------
Massive 6 Carat Center Stone
Elegant Elongated Cushion Shape
Premium Pavé Cathedral Design
Pavé Prongs for Maximum Sparkle
Comfortable Daily Wear
Handmade by Skilled Artisans
Ethical & Sustainable Moissanite
Luxury Bridal Jewelry

Perfect Gift For :-
--------------------
Engagement
Proposal
Wedding
Anniversary
Valentine's Day
Birthday
Christmas
Luxury Gift
Bridal Jewelry
Promise Ring

🎨 Customize Your Design
We handle both loose diamond sourcing and finished custom jewelry in-house, so changing up a design is no problem at all.

✔️ Want a bigger center stone?
✔️ Need a different prong style?
✔️ Looking for a matching band?
✔️ Need help sourcing a specific stone?
✔️ Want a totally new custom design?

Send over a message and we can work out the details.
━━━━━━━━━━━━━━━━━━

🚚 Production & Delivery
⏱️ Crafting Time: Give us 7 to 12 business days to make it.
🌎 Delivery: Secure shipping anywhere in the world.
🎁 Packaging: Arrives packed and ready to gift.
━━━━━━━━━━━━━━━━━━

📋 Cancellations & Returns
* Canceled within 3 hours: 10% fee applies.
* Canceled after 6 hours: 20% fee applies.
* Returns: Let us know within 7 days of delivery. Keep in mind that anything custom-made, personalized, or engraved is a final sale.
━━━━━━━━━━━━━━━━━━

❤️ About Floksy Jewel
Floksy Jewel is an actual manufacturing workshop based in Surat. We do not use middlemen. We source the loose lab-grown and natural diamonds ourselves, and we cast and polish the final custom jewelry right here. That means you get the piece straight from the source.

📩 Reach out if you need advice on picking a stone or want to start a custom build!",5281,USD,10,"Engagement_Ring,Wedding_Ring,Anniversary_Gift,Lab_Grown_Diamond,Gift_For_Her,Free_Engraving,Handmade_Jewelery,14K_Gold,Vintage_Ring,Prong_Setting_Ring,IGI_Certified,Elegant_Cushion_Shap,PavéCathedral_Design","14k,10k,18k,Gold vermeil,Gold filled,Solid gold,Gold plated,Yellow gold,Rose gold,White gold,Silver,Diamond",https://i.etsystatic.com/67240768/r/il/39b2f7/8353290342/il_fullxfull.8353290342_a95p.jpg,https://i.etsystatic.com/67240768/r/il/4db005/8353289864/il_fullxfull.8353289864_lc9m.jpg,https://i.etsystatic.com/67240768/r/il/b905e1/8353289862/il_fullxfull.8353289862_m2wr.jpg,https://i.etsystatic.com/67240768/r/il/19da90/8401172211/il_fullxfull.8401172211_7rbt.jpg,https://i.etsystatic.com/67240768/r/il/4c926a/8401172215/il_fullxfull.8401172215_egrt.jpg,https://i.etsystatic.com/67240768/r/il/10a075/8353289850/il_fullxfull.8353289850_m575.jpg,https://i.etsystatic.com/67240768/r/il/1996eb/8353290368/il_fullxfull.8353290368_6239.jpg,https://i.etsystatic.com/67240768/r/il/839a70/8401172607/il_fullxfull.8401172607_oo94.jpg,https://i.etsystatic.com/67240768/r/il/200c39/8353290360/il_fullxfull.8353290360_p0d8.jpg,https://i.etsystatic.com/67240768/r/il/e5c97e/8353290362/il_fullxfull.8353290362_s41t.jpg,FJC0023 | 4-5
3 Carat Radiant Lab Diamond V Halo Engagement Ring 14K White Gold (IGI Certified),"3 Carat Radian Lab grown diamond  V Halo Engagement Ring 14K White Gold Solitaire Bridal IGI CERTIFIDE 

💎 Handcrafted & Made to Order
Every piece we make is done to order right here in our Surat workshop. We never grab pre-made items off a shelf. Our team casts the metal and sets your stones one by one, which means your jewelry gets a proper, secure setting that can handle everyday life. If you need an engagement ring or just want a new piece for yourself, we put it together the right way.
━━━━━━━━━━━━━━━━━━

💎 Center Stone Specifications
* Category: Lab Grown Diamond
* Shape: 3CT Radiant
* Color: E
* Clarity: VVS2
* Cut: Excellent
* Polish & Symmetry: Excellent
* Certificate: IGI
━━━━━━━━━━━━━━━━━━
• Side Stones Shape :- Brilliant Round Cut
• Stone Type :- CVD HTHP DIAMOND
• Stone Weight :- 0.22 Carat
• Color :- F
• Clarity :- VS1
━━━━━━━━━━━━━━━━━━
Setting :- Four-prong elevated setting
Accent design :- Pavé V-shaped halo
Band style :- Polished plain band
Finish :- High polish
Ring style :- Modern solitaire with architectural halo
Available sizes :- Select from the available ring-size options


🏆 Metal Options
✓ 10K Solid Gold
✓ 14K Solid Gold
✓ 18K Solid Gold

Available Colors:
🟡 Yellow Gold | ⚪ White Gold | 🩷 Rose Gold

Silver Option:
✓ 935 Argentium Silver
━━━━━━━━━━━━━━━━━━

🎨 Customize Your Design
We handle both loose diamond sourcing and finished custom jewelry in-house, so changing up a design is no problem at all.

✔️ Want a bigger center stone?
✔️ Need a different prong style?
✔️ Looking for a matching band?
✔️ Need help sourcing a specific stone?
✔️ Want a totally new custom design?

Send over a message and we can work out the details.
━━━━━━━━━━━━━━━━━━

🚚 Production & Delivery
⏱️ Crafting Time: Give us 7 to 12 business days to make it.
🌎 Delivery: Secure shipping anywhere in the world.
🎁 Packaging: Arrives packed and ready to gift.
━━━━━━━━━━━━━━━━━━

📋 Cancellations & Returns
* Canceled within 3 hours: 10% fee applies.
* Canceled after 6 hours: 20% fee applies.
* Returns: Let us know within 7 days of delivery. Keep in mind that anything custom-made, personalized, or engraved is a final sale.
━━━━━━━━━━━━━━━━━━

❤️ About Floksy Jewel
Floksy Jewel is an actual manufacturing workshop based in Surat. We do not use middlemen. We source the loose lab-grown and natural diamonds ourselves, and we cast and polish the final custom jewelry right here. That means you get the piece straight from the source.

📩 Reach out if you need advice on picking a stone or want to start a custom build!",4553,USD,10,"Engagement_Ring,Wedding_Ring,Anniversary_Gift,Lab_Grown_Diamond,Gift_For_Her,Free_Engraving,Handmade_Jewelery,14K_Gold,Prong_Setting_Ring,IGI_Certified,SOLITIRE_RING,HALO_RING,radiant-cut","14k,10k,18k,Gold vermeil,Gold filled,Solid gold,Gold plated,Yellow gold,Rose gold,White gold,Silver,Diamond",https://i.etsystatic.com/67240768/r/il/4a7053/8353216348/il_fullxfull.8353216348_9qcv.jpg,https://i.etsystatic.com/67240768/r/il/a64fc9/8401097653/il_fullxfull.8401097653_8292.jpg,https://i.etsystatic.com/67240768/r/il/1b9173/8353215172/il_fullxfull.8353215172_qjun.jpg,https://i.etsystatic.com/67240768/r/il/e9e829/8353215026/il_fullxfull.8353215026_cfgb.jpg,https://i.etsystatic.com/67240768/r/il/a1ce20/8353215078/il_fullxfull.8353215078_t955.jpg,https://i.etsystatic.com/67240768/r/il/c9ed90/8353215104/il_fullxfull.8353215104_fs0h.jpg,https://i.etsystatic.com/67240768/r/il/22be67/8401098105/il_fullxfull.8401098105_jbcn.jpg,https://i.etsystatic.com/67240768/r/il/7ef2f1/8401098223/il_fullxfull.8401098223_adxd.jpg,,,FJC0022 | 4-5
"3ct Marquise Lab Grown Diamond Engagement Ring, 6 Prong Solitaire Gold Promise Ring","3 ct Marquise Lab grown diamond Engagement Ring, Solitaire Ring, Elongated Diamond Alternative Ring, 6 Prong Gold Promise Ring

💎 Handcrafted & Made to Order
Every piece we make is done to order right here in our Surat workshop. We never grab pre-made items off a shelf. Our team casts the metal and sets your stones one by one, which means your jewelry gets a proper, secure setting that can handle everyday life. If you need an engagement ring or just want a new piece for yourself, we put it together the right way.
━━━━━━━━━━━━━━━━━━

💎 Center Stone Specifications
* Category: Lab Grown Diamond
* Shape: 3CT MARQUES 
* Color: E
* Clarity: VVS2
* Cut: Excellent
* Polish & Symmetry: Excellent
* Certificate: IGI
━━━━━━━━━━━━━━━━━━
Perfect For
Engagement Ring
Promise Ring
Wedding Ring
Anniversary Gift
Birthday Gift
Travel Ring
Bridal Jewelry
Minimalist Jewelry
Everyday Ring
Materials
Solid 14K Gold


🏆 Metal Options
✓ 10K Solid Gold
✓ 14K Solid Gold
✓ 18K Solid Gold

Available Colors:
🟡 Yellow Gold | ⚪ White Gold | 🩷 Rose Gold

Silver Option:
✓ 935 Argentium Silver
━━━━━━━━━━━━━━━━━━

🎨 Customize Your Design
We handle both loose diamond sourcing and finished custom jewelry in-house, so changing up a design is no problem at all.

✔️ Want a bigger center stone?
✔️ Need a different prong style?
✔️ Looking for a matching band?
✔️ Need help sourcing a specific stone?
✔️ Want a totally new custom design?

Send over a message and we can work out the details.
━━━━━━━━━━━━━━━━━━

🚚 Production & Delivery
⏱️ Crafting Time: Give us 7 to 12 business days to make it.
🌎 Delivery: Secure shipping anywhere in the world.
🎁 Packaging: Arrives packed and ready to gift.
━━━━━━━━━━━━━━━━━━

📋 Cancellations & Returns
* Canceled within 3 hours: 10% fee applies.
* Canceled after 6 hours: 20% fee applies.
* Returns: Let us know within 7 days of delivery. Keep in mind that anything custom-made, personalized, or engraved is a final sale.
━━━━━━━━━━━━━━━━━━

❤️ About Floksy Jewel
Floksy Jewel is an actual manufacturing workshop based in Surat. We do not use middlemen. We source the loose lab-grown and natural diamonds ourselves, and we cast and polish the final custom jewelry right here. That means you get the piece straight from the source.

📩 Reach out if you need advice on picking a stone or want to start a custom build!",4524,USD,10,"Engagement_Ring,Wedding_Ring,Anniversary_Gift,Lab_Grown_Diamond,Gift_For_Her,Free_Engraving,Handmade_Jewelery,14K_Gold,Vintage_Ring,Prong_Setting_Ring,IGI_Certified,Marquise_ring,promise_ring","14k,10k,18k,Gold vermeil,Gold filled,Solid gold,Gold plated,Yellow gold,Rose gold,White gold,Silver,Diamond",https://i.etsystatic.com/67240768/r/il/dc1320/8353073884/il_fullxfull.8353073884_keez.jpg,https://i.etsystatic.com/67240768/r/il/c8319f/8353071402/il_fullxfull.8353071402_q6m0.jpg,https://i.etsystatic.com/67240768/r/il/ec8201/8353072784/il_fullxfull.8353072784_tjck.jpg,https://i.etsystatic.com/67240768/r/il/8176bc/8353071356/il_fullxfull.8353071356_cug3.jpg,https://i.etsystatic.com/67240768/r/il/32e4a8/8353098316/il_fullxfull.8353098316_6hpm.jpg,https://i.etsystatic.com/67240768/r/il/0f35c5/8353098364/il_fullxfull.8353098364_rzih.jpg,,,,,FJC0021 | 4-5
"5CT Elongated Cushion Lab Diamond Ring, 14K White Gold Pavé Cathedral Setting (IGI Certificate)","5CT Elongated CushionCut Lab grown diamond Ring, 14K White Gold Pavé Cathedral Setting,  IGI certificate diamond 

💎 Handcrafted  & Made to Order
Every piece we make is done to order right here in our Surat workshop. We never grab pre-made items off a shelf. Our team casts the metal and sets your stones one by one, which means your jewelry gets a proper, secure setting that can handle everyday life. If you need an engagement ring or just want a new piece for yourself, we put it together the right way.
━━━━━━━━━━━━━━━━━━

💎 Center Stone Specifications
* Category: Lab Grown Diamond
* Shape: 5 CT CUSHION
* Color: E
* Clarity: VVS2
* Cut: Excellent
* Polish & Symmetry: Excellent
* Certificate: IGI
━━━━━━━━━━━━━━━━━━
• Side Stones Shape :- Brilliant Round 
• Stone Type :- CVD-HTHP Diamond
• Stone Weight :-1.30 Carat
• Color :- F
• Clarity :- VS
━━━━━━━━━━━━━━━━━━
🏆 Metal Options
✓ 10K Solid Gold
✓ 14K Solid Gold
✓ 18K Solid Gold

Available Colors:
🟡 Yellow Gold | ⚪ White Gold | 🩷 Rose Gold

Silver Option:
✓ 935 Argentium Silver
━━━━━━━━━━━━━━━━━━
Why You'll Love It :-
----------------------
Massive 6 Carat Center Stone
Elegant Elongated Cushion Shape
Premium Pavé Cathedral Design
Pavé Prongs for Maximum Sparkle
Comfortable Daily Wear
Handmade by Skilled Artisans
Ethical & Sustainable Moissanite
Luxury Bridal Jewelry

Perfect Gift For :-
--------------------
Engagement
Proposal
Wedding
Anniversary
Valentine's Day
Birthday
Christmas
Luxury Gift
Bridal Jewelry
Promise Ring

🎨 Customize Your Design
We handle both loose diamond sourcing and finished custom jewelry in-house, so changing up a design is no problem at all.

✔️ Want a bigger center stone?
✔️ Need a different prong style?
✔️ Looking for a matching band?
✔️ Need help sourcing a specific stone?
✔️ Want a totally new custom design?

Send over a message and we can work out the details.
━━━━━━━━━━━━━━━━━━

🚚 Production & Delivery
⏱️ Crafting Time: Give us 7 to 12 business days to make it.
🌎 Delivery: Secure shipping anywhere in the world.
🎁 Packaging: Arrives packed and ready to gift.
━━━━━━━━━━━━━━━━━━

📋 Cancellations & Returns
* Canceled within 3 hours: 10% fee applies.
* Canceled after 6 hours: 20% fee applies.
* Returns: Let us know within 7 days of delivery. Keep in mind that anything custom-made, personalized, or engraved is a final sale.
━━━━━━━━━━━━━━━━━━

❤️ About Floksy Jewel
Floksy Jewel is an actual manufacturing workshop based in Surat. We do not use middlemen. We source the loose lab-grown and natural diamonds ourselves, and we cast and polish the final custom jewelry right here. That means you get the piece straight from the source.

📩 Reach out if you need advice on picking a stone or want to start a custom build!",5281,USD,10,"Engagement_Ring,Wedding_Ring,Anniversary_Gift,Lab_Grown_Diamond,Gift_For_Her,Free_Engraving,Handmade_Jewelery,14K_Gold,Vintage_Ring,Prong_Setting_Ring,IGI_Certified,Elegant_Cushion_Shap,PavéCathedral_Design","14k,10k,18k,Gold vermeil,Gold filled,Solid gold,Gold plated,Yellow gold,Rose gold,White gold,Silver,Diamond",https://i.etsystatic.com/67240768/r/il/f3fac2/8399358279/il_fullxfull.8399358279_7fhr.jpg,https://i.etsystatic.com/67240768/r/il/2188b5/8399358603/il_fullxfull.8399358603_4bbr.jpg,https://i.etsystatic.com/67240768/r/il/71d925/8399358629/il_fullxfull.8399358629_44gn.jpg,https://i.etsystatic.com/67240768/r/il/c9a5a4/8399358625/il_fullxfull.8399358625_gr71.jpg,https://i.etsystatic.com/67240768/r/il/dcada8/8351472838/il_fullxfull.8351472838_axlc.jpg,https://i.etsystatic.com/67240768/r/il/a557dd/8399358627/il_fullxfull.8399358627_gk71.jpg,https://i.etsystatic.com/67240768/r/il/d83bf6/8399358637/il_fullxfull.8399358637_nes1.jpg,https://i.etsystatic.com/67240768/r/il/c7bf37/8351473160/il_fullxfull.8351473160_imvv.jpg,,,FJC0020 | 4-5
"7CT Round Diamond Engagement Ring, 14K Gold Marquise Bubble Band, Floral Prongs (IGI Certified)","7CT Round Lab Grown diamond  Engagement Ring, 14K Gold Marquise Bubble Band, Floral Prongs | IGI Certified

💎 Handcrafted & Made to Order
Every piece we make is done to order right here in our Surat workshop. We never grab pre-made items off a shelf. Our team casts the metal and sets your stones one by one, which means your jewelry gets a proper, secure setting that can handle everyday life. If you need an engagement ring or just want a new piece for yourself, we put it together the right way.
━━━━━━━━━━━━━━━━━━

💎 Center Stone Specifications
* Category: Lab Grown Diamond
* Shape:7.00 CT ROUND 
* Color: E
* Clarity: VVS2
* Cut: Excellent
* Polish & Symmetry: Excellent
* Certificate: IGI
━━━━━━━━━━━━━━━━━━
Side Stones :
Total Carat Weight - 1.30 Carat
Shape - Three Stone Tapered Baguettes
Color - E
Clarity - VVS2

🏆 Metal Options
✓ 10K Solid Gold
✓ 14K Solid Gold
✓ 18K Solid Gold

Available Colors:
🟡 Yellow Gold | ⚪ White Gold | 🩷 Rose Gold

Silver Option:
✓ 935 Argentium Silver
━━━━━━━━━━━━━━━━━━
Setting Style :-
------------------
Floral Flower Prongs
Marquise Bubble Eternity Style Band
High Profile Designer Setting

---------------------------------------------
Perfect For :-
---------------
Engagement
Proposal
Anniversary
Wedding
Valentine's Day
Birthday Gift
Christmas Gift
Luxury Jewelry Collection
Bridal Jewelry
Promise Ring

🎨 Customize Your Design
We handle both loose diamond sourcing and finished custom jewelry in-house, so changing up a design is no problem at all.

✔️ Want a bigger center stone?
✔️ Need a different prong style?
✔️ Looking for a matching band?
✔️ Need help sourcing a specific stone?
✔️ Want a totally new custom design?

Send over a message and we can work out the details.
━━━━━━━━━━━━━━━━━━

🚚 Production & Delivery
⏱️ Crafting Time: Give us 7 to 12 business days to make it.
🌎 Delivery: Secure shipping anywhere in the world.
🎁 Packaging: Arrives packed and ready to gift.
━━━━━━━━━━━━━━━━━━

📋 Cancellations & Returns
* Canceled within 3 hours: 10% fee applies.
* Canceled after 6 hours: 20% fee applies.
* Returns: Let us know within 7 days of delivery. Keep in mind that anything custom-made, personalized, or engraved is a final sale.
━━━━━━━━━━━━━━━━━━

❤️ About Floksy Jewel
Floksy Jewel is an actual manufacturing workshop based in Surat. We do not use middlemen. We source the loose lab-grown and natural diamonds ourselves, and we cast and polish the final custom jewelry right here. That means you get the piece straight from the source.

📩 Reach out if you need advice on picking a stone or want to start a custom build!",5921,USD,10,"Engagement_Ring,Wedding_Ring,Anniversary_Gift,Lab_Grown_Diamond,Gift_For_Her,Handmade_Jewelery,14K_Gold,Vintage_Ring,Prong_Setting_Ring,IGI_Certified,ROUND_diamond_ring,Marquise_Bubble_Band,Floral_Prongs","14k,10k,18k,Gold vermeil,Gold filled,Solid gold,Gold plated,Yellow gold,Rose gold,White gold,Silver,Diamond",https://i.etsystatic.com/67240768/r/il/d7d540/8351437382/il_fullxfull.8351437382_achd.jpg,https://i.etsystatic.com/67240768/r/il/df88d6/8399323203/il_fullxfull.8399323203_l4dj.jpg,https://i.etsystatic.com/67240768/r/il/0a483d/8399323213/il_fullxfull.8399323213_fomt.jpg,https://i.etsystatic.com/67240768/r/il/2b99a6/8351436304/il_fullxfull.8351436304_kztq.jpg,https://i.etsystatic.com/67240768/r/il/8b02a7/8399323221/il_fullxfull.8399323221_2tu7.jpg,https://i.etsystatic.com/67240768/r/il/2c336c/8399323205/il_fullxfull.8399323205_pisn.jpg,,,,,FJC0019 | 4-5
"5CT Marquise Lab Diamond Engagement Ring, Hidden Halo, Pink Sapphire Band (IGI Certified)","5CT Marquise Lab diamond Bridal Set, Hidden Halo Engagement Ring, Pink Sapphire Band | IGI Certified | Bridal Ring

💎 Handcrafted & Made to Order
Every piece we make is done to order right here in our Surat workshop. We never grab pre-made items off a shelf. Our team casts the metal and sets your stones one by one, which means your jewelry gets a proper, secure setting that can handle everyday life. If you need an engagement ring or just want a new piece for yourself, we put it together the right way.
━━━━━━━━━━━━━━━━━━

💎 Center Stone Specifications
* Category: Lab Grown Diamond
* Shape: 5CT MARQUES 
* Color: E
* Clarity: VVS2
* Cut: Excellent
* Polish & Symmetry: Excellent
* Certificate: IGI
━━━━━━━━━━━━━━━━━━
Side Stones Shape :- Oval / Micro Round Cut
• Stone Weight :- 1.70 Carat
• Color :- F
• Clarity :- VS

🏆 Metal Options
✓ 10K Solid Gold
✓ 14K Solid Gold
✓ 18K Solid Gold

Available Colors:
🟡 Yellow Gold | ⚪ White Gold | 🩷 Rose Gold

Silver Option:
✓ 935 Argentium Silver
━━━━━━━━━━━━━━━━━━
Perfect For :-
---------------
Engagements
Weddings
Anniversaries
Valentine's Day Gifts
Birthday Gifts
Bridal Shower Gifts
Promise Rings
Luxury Jewelry Collectors

🎨 Customize Your Design
We handle both loose diamond sourcing and finished custom jewelry in-house, so changing up a design is no problem at all.

✔️ Want a bigger center stone?
✔️ Need a different prong style?
✔️ Looking for a matching band?
✔️ Need help sourcing a specific stone?
✔️ Want a totally new custom design?

Send over a message and we can work out the details.
━━━━━━━━━━━━━━━━━━

🚚 Production & Delivery
⏱️ Crafting Time: Give us 7 to 12 business days to make it.
🌎 Delivery: Secure shipping anywhere in the world.
🎁 Packaging: Arrives packed and ready to gift.
━━━━━━━━━━━━━━━━━━

📋 Cancellations & Returns
* Canceled within 3 hours: 10% fee applies.
* Canceled after 6 hours: 20% fee applies.
* Returns: Let us know within 7 days of delivery. Keep in mind that anything custom-made, personalized, or engraved is a final sale.
━━━━━━━━━━━━━━━━━━

❤️ About Floksy Jewel
Floksy Jewel is an actual manufacturing workshop based in Surat. We do not use middlemen. We source the loose lab-grown and natural diamonds ourselves, and we cast and polish the final custom jewelry right here. That means you get the piece straight from the source.

📩 Reach out if you need advice on picking a stone or want to start a custom build!",5320,USD,10,"Engagement_Ring,Wedding_Ring,Anniversary_Gift,Lab_Grown_Diamond,Gift_For_Her,Free_Engraving,Handmade_Jewelery,14K_Gold,Vintage_Ring,Prong_Setting_Ring,IGI_Certified,Marquise_ring,promise_ring","14k,10k,18k,Gold vermeil,Gold filled,Solid gold,Gold plated,Yellow gold,Rose gold,White gold,Silver,Diamond",https://i.etsystatic.com/67240768/r/il/02acab/8351430202/il_fullxfull.8351430202_kqt1.jpg,https://i.etsystatic.com/67240768/r/il/f4a1c3/8351402726/il_fullxfull.8351402726_4i9y.jpg,https://i.etsystatic.com/67240768/r/il/579d90/8399289199/il_fullxfull.8399289199_5jia.jpg,https://i.etsystatic.com/67240768/r/il/ecbd06/8351402744/il_fullxfull.8351402744_q4lz.jpg,https://i.etsystatic.com/67240768/r/il/38bbdd/8399289269/il_fullxfull.8399289269_otk1.jpg,https://i.etsystatic.com/67240768/r/il/2a1585/8399289285/il_fullxfull.8399289285_rlk8.jpg,https://i.etsystatic.com/67240768/r/il/b49b59/8351402794/il_fullxfull.8351402794_ecxq.jpg,https://i.etsystatic.com/67240768/r/il/495290/8351402846/il_fullxfull.8351402846_aa1r.jpg,,,FJC0018 | 4-5
"6.5 CTTW Cushion Cut Lab grown diamond  Eternity Band, 14K White Gold Wedding Ring","6.5 CTTW Cushion Cut Lab grown diamond  Eternity Band, 14K White Gold Wedding Ring | Minimalist Stackable Ring

💎 Handcrafted & Made to Order
Every piece we make is done to order right here in our Surat workshop. We never grab pre-made items off a shelf. Our team casts the metal and sets your stones one by one, which means your jewelry gets a proper, secure setting that can handle everyday life. If you need an engagement ring or just want a new piece for yourself, we put it together the right way.
━━━━━━━━━━━━━━━━━━

💎 Center Stone Specifications
• Stone Shape :- Brilliant Round Cut
• Stone Type :- Lab diamond 
• Stone Weight :-6.5 CT (Total 13 Stone) approx
• Color :- D-f
• Clarity :- VVS2
• Cut: Excellent
------------------------

• Style :- Men’s diamond wedding band
• Setting Style :- MicroPavé & Prong Set
• Style :- Eternity Band
• Finish :- High Polish
• Handmade with Precision

🏆 Metal Options
✓ 10K Solid Gold
✓ 14K Solid Gold
✓ 18K Solid Gold

Available Colors:
🟡 Yellow Gold | ⚪ White Gold | 🩷 Rose Gold

Silver Option:
✓ 935 Argentium Silver
━━━━━━━━━━━━━━━━━━

🎨 Customize Your Design
We handle both loose diamond sourcing and finished custom jewelry in-house, so changing up a design is no problem at all.

✔️ Want a bigger center stone?
✔️ Need a different prong style?
✔️ Looking for a matching band?
✔️ Need help sourcing a specific stone?
✔️ Want a totally new custom design?

Send over a message and we can work out the details.
━━━━━━━━━━━━━━━━━━

🚚 Production & Delivery
⏱️ Crafting Time: Give us 7 to 12 business days to make it.
🌎 Delivery: Secure shipping anywhere in the world.
🎁 Packaging: Arrives packed and ready to gift.
━━━━━━━━━━━━━━━━━━

📋 Cancellations & Returns
* Canceled within 3 hours: 10% fee applies.
* Canceled after 6 hours: 20% fee applies.
* Returns: Let us know within 7 days of delivery. Keep in mind that anything custom-made, personalized, or engraved is a final sale.
━━━━━━━━━━━━━━━━━━

❤️ About Floksy Jewel
Floksy Jewel is an actual manufacturing workshop based in Surat. We do not use middlemen. We source the loose lab-grown and natural diamonds ourselves, and we cast and polish the final custom jewelry right here. That means you get the piece straight from the source.

📩 Reach out if you need advice on picking a stone or want to start a custom build!",5626,USD,10,"Engagement_Ring,Wedding_Ring,Anniversary_Gift,Lab_Grown_Diamond,Free_Engraving,Handmade_Jewelery,14K_Gold,Vintage_Ring,IGI_Certified,promise_ring,Eternity_band,Stackable_Ring,Cushion_diamond_band","14k,10k,18k,Gold vermeil,Gold filled,Solid gold,Gold plated,Yellow gold,Rose gold,White gold,Silver,Diamond",https://i.etsystatic.com/67240768/r/il/1fb05f/8399234949/il_fullxfull.8399234949_d6gb.jpg,https://i.etsystatic.com/67240768/r/il/b79da8/8351349034/il_fullxfull.8351349034_d4be.jpg,https://i.etsystatic.com/67240768/r/il/922ecf/8351349024/il_fullxfull.8351349024_ejk1.jpg,https://i.etsystatic.com/67240768/r/il/a406f6/8351349036/il_fullxfull.8351349036_itqm.jpg,https://i.etsystatic.com/67240768/r/il/0e0b90/8399235369/il_fullxfull.8399235369_nusp.jpg,https://i.etsystatic.com/67240768/r/il/1b9240/8351349040/il_fullxfull.8351349040_h0l7.jpg,https://i.etsystatic.com/67240768/r/il/c5c981/8351349032/il_fullxfull.8351349032_36zq.jpg,,,,FJC0017 | 4-5
"4mm Lab Diamond Micro Pavé Eternity Band | 14K Gold Wedding Ring, Minimalist Stackable","4mm lab Diamond  Micro Pavé Eternity Band/14K Gold Wedding Ring Luxury Eternity Band | Full Diamond Wedding Ring | Minimalist Stackable Ring

💎 Handcrafted & Made to Order
Every piece we make is done to order right here in our Surat workshop. We never grab pre-made items off a shelf. Our team casts the metal and sets your stones one by one, which means your jewelry gets a proper, secure setting that can handle everyday life. If you need an engagement ring or just want a new piece for yourself, we put it together the right way.
━━━━━━━━━━━━━━━━━━

💎 Center Stone Specifications
• Stone Shape :- Brilliant Round Cut
• Stone Type :- Lab diamond 
• Stone Weight :- 3.52 Carat
• Color :- D
• Clarity :- VVS1
• Cut: Excellent
-----------------
• Accents Stone Shape :- Micro Round Cut
• Weight :- 0.30 Carat
------------------------
• Band Width :- 4 mm
• Style :- Men’s diamond wedding band
• Setting Style :- MicroPavé & Prong Set
• Style :- Eternity Band
• Finish :- High Polish
• Handmade with Precision

🏆 Metal Options
✓ 10K Solid Gold
✓ 14K Solid Gold
✓ 18K Solid Gold

Available Colors:
🟡 Yellow Gold | ⚪ White Gold | 🩷 Rose Gold

Silver Option:
✓ 935 Argentium Silver
━━━━━━━━━━━━━━━━━━

🎨 Customize Your Design
We handle both loose diamond sourcing and finished custom jewelry in-house, so changing up a design is no problem at all.

✔️ Want a bigger center stone?
✔️ Need a different prong style?
✔️ Looking for a matching band?
✔️ Need help sourcing a specific stone?
✔️ Want a totally new custom design?

Send over a message and we can work out the details.
━━━━━━━━━━━━━━━━━━

🚚 Production & Delivery
⏱️ Crafting Time: Give us 7 to 12 business days to make it.
🌎 Delivery: Secure shipping anywhere in the world.
🎁 Packaging: Arrives packed and ready to gift.
━━━━━━━━━━━━━━━━━━

📋 Cancellations & Returns
* Canceled within 3 hours: 10% fee applies.
* Canceled after 6 hours: 20% fee applies.
* Returns: Let us know within 7 days of delivery. Keep in mind that anything custom-made, personalized, or engraved is a final sale.
━━━━━━━━━━━━━━━━━━

❤️ About Floksy Jewel
Floksy Jewel is an actual manufacturing workshop based in Surat. We do not use middlemen. We source the loose lab-grown and natural diamonds ourselves, and we cast and polish the final custom jewelry right here. That means you get the piece straight from the source.

📩 Reach out if you need advice on picking a stone or want to start a custom build!",4098,USD,10,"Engagement_Ring,Wedding_Ring,Anniversary_Gift,Lab_Grown_Diamond,Free_Engraving,Handmade_Jewelery,14K_Gold,Vintage_Ring,IGI_Certified,promise_ring,ROUND_diamond_ring,Eternity_band,Stackable_Ring","14k,10k,18k,Gold vermeil,Gold filled,Solid gold,Gold plated,Yellow gold,Rose gold,White gold,Silver,Diamond",https://i.etsystatic.com/67240768/r/il/6259f4/8399185883/il_fullxfull.8399185883_ds54.jpg,https://i.etsystatic.com/67240768/r/il/e12604/8351299022/il_fullxfull.8351299022_1uvy.jpg,https://i.etsystatic.com/67240768/r/il/c130a3/8399185001/il_fullxfull.8399185001_1vyx.jpg,https://i.etsystatic.com/67240768/r/il/bbe304/8399184997/il_fullxfull.8399184997_tm35.jpg,https://i.etsystatic.com/67240768/r/il/2a105c/8351299040/il_fullxfull.8351299040_3d5m.jpg,https://i.etsystatic.com/67240768/r/il/6bbe60/8399184979/il_fullxfull.8399184979_iqs8.jpg,https://i.etsystatic.com/67240768/r/il/81adca/8351299056/il_fullxfull.8351299056_kod3.jpg,https://i.etsystatic.com/67240768/r/il/0bf036/8399185123/il_fullxfull.8399185123_3yf7.jpg,,,FJC0016 | 4-5
7CT Marquise Lab Grown Diamond Engagement Ring | 14K Yellow Gold Eternity Band (IGI Certified),"7CT Marquise Lab Grown Diamond Engagement Ring | Hidden Halo | 14K Yellow Gold Eternity Band | IGI Certified | Bridal Ring

💎 Handcrafted & Made to Order
Every piece we make is done to order right here in our Surat workshop. We never grab pre-made items off a shelf. Our team casts the metal and sets your stones one by one, which means your jewelry gets a proper, secure setting that can handle everyday life. If you need an engagement ring or just want a new piece for yourself, we put it together the right way.
━━━━━━━━━━━━━━━━━━

💎 Center Stone Specifications
* Category: Lab Grown Diamond
* Shape: 7CT MARQUES 
* Color: E
* Clarity: VVS2
* Cut: Excellent
* Polish & Symmetry: Excellent
* Certificate: IGI
━━━━━━━━━━━━━━━━━━
• Side Stones Shape :- Round Cut
• Stone Weight :- 1.80 Carat
• Color :- F
• Clarity :- VVS2

🏆 Metal Options
✓ 10K Solid Gold
✓ 14K Solid Gold
✓ 18K Solid Gold

Available Colors:
🟡 Yellow Gold | ⚪ White Gold | 🩷 Rose Gold

Silver Option:
✓ 935 Argentium Silver
━━━━━━━━━━━━━━━━━━

🎨 Customize Your Design
We handle both loose diamond sourcing and finished custom jewelry in-house, so changing up a design is no problem at all.

✔️ Want a bigger center stone?
✔️ Need a different prong style?
✔️ Looking for a matching band?
✔️ Need help sourcing a specific stone?
✔️ Want a totally new custom design?

Send over a message and we can work out the details.
━━━━━━━━━━━━━━━━━━

🚚 Production & Delivery
⏱️ Crafting Time: Give us 7 to 12 business days to make it.
🌎 Delivery: Secure shipping anywhere in the world.
🎁 Packaging: Arrives packed and ready to gift.
━━━━━━━━━━━━━━━━━━

📋 Cancellations & Returns
* Canceled within 3 hours: 10% fee applies.
* Canceled after 6 hours: 20% fee applies.
* Returns: Let us know within 7 days of delivery. Keep in mind that anything custom-made, personalized, or engraved is a final sale.
━━━━━━━━━━━━━━━━━━

❤️ About Floksy Jewel
Floksy Jewel is an actual manufacturing workshop based in Surat. We do not use middlemen. We source the loose lab-grown and natural diamonds ourselves, and we cast and polish the final custom jewelry right here. That means you get the piece straight from the source.

📩 Reach out if you need advice on picking a stone or want to start a custom build!",5784,USD,10,"Engagement_Ring,Wedding_Ring,Anniversary_Gift,Lab_Grown_Diamond,Gift_For_Her,Free_Engraving,Handmade_Jewelery,14K_Gold,Vintage_Ring,Prong_Setting_Ring,IGI_Certified,Marquise_ring,promise_ring","14k,10k,18k,Gold vermeil,Gold filled,Solid gold,Gold plated,Yellow gold,Rose gold,White gold,Silver,Diamond",https://i.etsystatic.com/67240768/r/il/ed3c86/8351269020/il_fullxfull.8351269020_iwwk.jpg,https://i.etsystatic.com/67240768/r/il/e70e58/8351268942/il_fullxfull.8351268942_6o1i.jpg,https://i.etsystatic.com/67240768/r/il/3bc964/8399155749/il_fullxfull.8399155749_l366.jpg,https://i.etsystatic.com/67240768/r/il/fe05ea/8399155759/il_fullxfull.8399155759_lj8y.jpg,https://i.etsystatic.com/67240768/r/il/cfca81/8351269012/il_fullxfull.8351269012_g8mc.jpg,https://i.etsystatic.com/67240768/r/il/3af294/8399155777/il_fullxfull.8399155777_jot1.jpg,https://i.etsystatic.com/67240768/r/il/1c0583/8351269084/il_fullxfull.8351269084_1sny.jpg,,,,FJC0015 | 4-5
"Emerald Pear Lab Grown Diamond Ring – Toi et Moi Engagement Ring, Minimalist Gold","3CT TW Emerald and Pear Lab Grown Diamond Ring / Me & And You Ring / Two Stone Ring /Toi et Moi Engagement Ring/Minimalist Gold Ring

💎 Handcrafted & Made to Order
Every piece we make is done to order right here in our Surat workshop. We never grab pre-made items off a shelf. Our team casts the metal and sets your stones one by one, which means your jewelry gets a proper, secure setting that can handle everyday life. If you need an engagement ring or just want a new piece for yourself, we put it together the right way.
━━━━━━━━━━━━━━━━━━

💎 Center Stone Specifications
* Category: Lab Grown Diamond
* Shape: 1.5 CT PEAR 
* Color: E
* Clarity: VVS2
* Cut: Excellent
* Polish & Symmetry: Excellent
* Certificate: IGI
━━━━━━━━━━━━━━━━━━
* Category: Lab Grown Diamond
* Shape: 1.5 CT Emerald Cut
* Color: E
* Clarity: VVS2
* Cut: Excellent
* Polish & Symmetry: Excellent
* Certificate: IGI

🏆 Metal Options
✓ 10K Solid Gold
✓ 14K Solid Gold
✓ 18K Solid Gold

Available Colors:
🟡 Yellow Gold | ⚪ White Gold | 🩷 Rose Gold

Silver Option:
✓ 935 Argentium Silver
━━━━━━━━━━━━━━━━━━

🎨 Customize Your Design
We handle both loose diamond sourcing and finished custom jewelry in-house, so changing up a design is no problem at all.

✔️ Want a bigger center stone?
✔️ Need a different prong style?
✔️ Looking for a matching band?
✔️ Need help sourcing a specific stone?
✔️ Want a totally new custom design?

Send over a message and we can work out the details.
━━━━━━━━━━━━━━━━━━

🚚 Production & Delivery
⏱️ Crafting Time: Give us 7 to 12 business days to make it.
🌎 Delivery: Secure shipping anywhere in the world.
🎁 Packaging: Arrives packed and ready to gift.
━━━━━━━━━━━━━━━━━━

📋 Cancellations & Returns
* Canceled within 3 hours: 10% fee applies.
* Canceled after 6 hours: 20% fee applies.
* Returns: Let us know within 7 days of delivery. Keep in mind that anything custom-made, personalized, or engraved is a final sale.
━━━━━━━━━━━━━━━━━━

❤️ About Floksy Jewel
Floksy Jewel is an actual manufacturing workshop based in Surat. We do not use middlemen. We source the loose lab-grown and natural diamonds ourselves, and we cast and polish the final custom jewelry right here. That means you get the piece straight from the source.

📩 Reach out if you need advice on picking a stone or want to start a custom build!",4524,USD,10,"Engagement_Ring,Wedding_Ring,Anniversary_Gift,Lab_Grown_Diamond,Free_Engraving,Handmade_Jewelery,14K_Gold,Prong_Setting_Ring,IGI_Certified,promise_ring,Me_and_you_ring,Two_stone_ring,Pear_and_Emerald_cut","14k,10k,18k,Gold vermeil,Gold filled,Solid gold,Gold plated,Yellow gold,Rose gold,White gold,Silver,Diamond",https://i.etsystatic.com/67240768/r/il/476238/8347214672/il_fullxfull.8347214672_9u5g.jpg,https://i.etsystatic.com/67240768/r/il/91db9c/8347197350/il_fullxfull.8347197350_hfgn.jpg,https://i.etsystatic.com/67240768/r/il/acb962/8395085245/il_fullxfull.8395085245_oyfm.jpg,https://i.etsystatic.com/67240768/r/il/7465a1/8395085249/il_fullxfull.8395085249_fw8d.jpg,https://i.etsystatic.com/67240768/r/il/2692df/8347197396/il_fullxfull.8347197396_eofa.jpg,https://i.etsystatic.com/67240768/r/il/3bcca7/8347197392/il_fullxfull.8347197392_cilp.jpg,https://i.etsystatic.com/67240768/r/il/009829/8395085243/il_fullxfull.8395085243_fod2.jpg,,,,FJC0014 | 4-5
"2 CT Oval Lab Diamond Engagement Ring, IGI Certified, Solid Gold Twisted, 3/4 Eternity Ring","2 CT IGI Certified Lab grown diamond engagement ring Solid gold ring Oval cut lab diamond ring 3/4 eternity Twisted ring Anniversary gift

💎 Handcrafted & Made to Order
Every piece we make is done to order right here in our Surat workshop. We never grab pre-made items off a shelf. Our team casts the metal and sets your stones one by one, which means your jewelry gets a proper, secure setting that can handle everyday life. If you need an engagement ring or just want a new piece for yourself, we put it together the right way.
━━━━━━━━━━━━━━━━━━

💎 Center Stone Specifications
* Category: Lab Grown Diamond
* Shape: 2CT OVAL 
* Color: E
* Clarity: VVS2
* Cut: Excellent
* Polish & Symmetry: Excellent
* Certificate: IGI
━━━━━━━━━━━━━━━━━━
Side Stones :
Total Carat Weight - 0.20 Carat
Shape - Round Brilliant AND MARQUESS
Color - E
Clarity - VS

🏆 Metal Options
✓ 10K Solid Gold
✓ 14K Solid Gold
✓ 18K Solid Gold

Available Colors:
🟡 Yellow Gold | ⚪ White Gold | 🩷 Rose Gold

Silver Option:
✓ 935 Argentium Silver
━━━━━━━━━━━━━━━━━━

🎨 Customize Your Design
We handle both loose diamond sourcing and finished custom jewelry in-house, so changing up a design is no problem at all.

✔️ Want a bigger center stone?
✔️ Need a different prong style?
✔️ Looking for a matching band?
✔️ Need help sourcing a specific stone?
✔️ Want a totally new custom design?

Send over a message and we can work out the details.
━━━━━━━━━━━━━━━━━━

🚚 Production & Delivery
⏱️ Crafting Time: Give us 7 to 12 business days to make it.
🌎 Delivery: Secure shipping anywhere in the world.
🎁 Packaging: Arrives packed and ready to gift.
━━━━━━━━━━━━━━━━━━

📋 Cancellations & Returns
* Canceled within 3 hours: 10% fee applies.
* Canceled after 6 hours: 20% fee applies.
* Returns: Let us know within 7 days of delivery. Keep in mind that anything custom-made, personalized, or engraved is a final sale.
━━━━━━━━━━━━━━━━━━

❤️ About Floksy Jewel
Floksy Jewel is an actual manufacturing workshop based in Surat. We do not use middlemen. We source the loose lab-grown and natural diamonds ourselves, and we cast and polish the final custom jewelry right here. That means you get the piece straight from the source.

📩 Reach out if you need advice on picking a stone or want to start a custom build!",4238,USD,10,"Engagement_Ring,Wedding_Ring,Anniversary_Gift,Lab_Grown_Diamond,Gift_For_Her,Free_Engraving,Handmade_Jewelery,14K_Gold,Vintage_Ring,Prong_Setting_Ring,IGI_Certified,promise_ring,Oval_ring","14k,10k,18k,Gold vermeil,Gold filled,Solid gold,Gold plated,Yellow gold,Rose gold,White gold,Silver,Diamond",https://i.etsystatic.com/67240768/r/il/cd3149/8395057669/il_fullxfull.8395057669_sbh1.jpg,https://i.etsystatic.com/67240768/r/il/5d0e68/8395033741/il_fullxfull.8395033741_j4m1.jpg,https://i.etsystatic.com/67240768/r/il/78ee26/8395033731/il_fullxfull.8395033731_bfny.jpg,https://i.etsystatic.com/67240768/r/il/764bee/8395033737/il_fullxfull.8395033737_d945.jpg,https://i.etsystatic.com/67240768/r/il/eb375e/8347146378/il_fullxfull.8347146378_eat8.jpg,https://i.etsystatic.com/67240768/r/il/88a047/8395037407/il_fullxfull.8395037407_gi3q.jpg,https://i.etsystatic.com/67240768/r/il/7603a7/8395037417/il_fullxfull.8395037417_mh44.jpg,https://i.etsystatic.com/67240768/r/il/82768a/8395037415/il_fullxfull.8395037415_qcfm.jpg,https://i.etsystatic.com/67240768/r/il/d70435/8347149966/il_fullxfull.8347149966_arzp.jpg,https://i.etsystatic.com/67240768/r/il/704ee2/8395037419/il_fullxfull.8395037419_72of.jpg,FJC0013 | 4-5
"2CT Pear Cut Lab Grown Diamond Engagement Ring, 14K Gold Solitaire Bridal Ring","2CT PEAR  Cut Lab Grown Diamond Engagement Ring, Solitaire Promise Ring, 14K Gold Wedding Ring for Women, Bridal Jewelry

💎 Handcrafted & Made to Order
Every piece we make is done to order right here in our Surat workshop. We never grab pre-made items off a shelf. Our team casts the metal and sets your stones one by one, which means your jewelry gets a proper, secure setting that can handle everyday life. If you need an engagement ring or just want a new piece for yourself, we put it together the right way.
━━━━━━━━━━━━━━━━━━

💎 Center Stone Specifications
* Category: Lab Grown Diamond
* Shape: 2CT PEAR
* Color: Fancy Vivid Orange-Pink
* Clarity: VVS2
* Cut: Excellent
* Polish & Symmetry: Excellent
* Certificate: IGI
━━━━━━━━━━━━━━━━━━
• Side Stone Shape :- Brilliant Round Cut
• Weight :- 1.50 Carat
• Color :- E
• Clarity :- VVS1
-------------------
Accents Stone Shape :- Round Cut
Weight :- 0.50 Carat

🏆 Metal Options
✓ 10K Solid Gold
✓ 14K Solid Gold
✓ 18K Solid Gold

Available Colors:
🟡 Yellow Gold | ⚪ White Gold | 🩷 Rose Gold

Silver Option:
✓ 935 Argentium Silver
━━━━━━━━━━━━━━━━━━

🎨 Customize Your Design
We handle both loose diamond sourcing and finished custom jewelry in-house, so changing up a design is no problem at all.

✔️ Want a bigger center stone?
✔️ Need a different prong style?
✔️ Looking for a matching band?
✔️ Need help sourcing a specific stone?
✔️ Want a totally new custom design?

Send over a message and we can work out the details.
━━━━━━━━━━━━━━━━━━

🚚 Production & Delivery
⏱️ Crafting Time: Give us 7 to 12 business days to make it.
🌎 Delivery: Secure shipping anywhere in the world.
🎁 Packaging: Arrives packed and ready to gift.
━━━━━━━━━━━━━━━━━━

📋 Cancellations & Returns
* Canceled within 3 hours: 10% fee applies.
* Canceled after 6 hours: 20% fee applies.
* Returns: Let us know within 7 days of delivery. Keep in mind that anything custom-made, personalized, or engraved is a final sale.
━━━━━━━━━━━━━━━━━━

❤️ About Floksy Jewel
Floksy Jewel is an actual manufacturing workshop based in Surat. We do not use middlemen. We source the loose lab-grown and natural diamonds ourselves, and we cast and polish the final custom jewelry right here. That means you get the piece straight from the source.

📩 Reach out if you need advice on picking a stone or want to start a custom build!",4720,USD,10,"Engagement_Ring,Wedding_Ring,Anniversary_Gift,Lab_Grown_Diamond,Gift_For_Her,Free_Engraving,Handmade_Jewelery,14K_Gold,Vintage_Ring,Prong_Setting_Ring,IGI_Certified,promise_ring,Pear_shape_ring","14k,10k,18k,Gold vermeil,Gold filled,Solid gold,Gold plated,Yellow gold,Rose gold,White gold,Silver,Diamond",https://i.etsystatic.com/67240768/r/il/fd75e9/8367409774/il_fullxfull.8367409774_i2yh.jpg,https://i.etsystatic.com/67240768/r/il/eee737/8347099240/il_fullxfull.8347099240_t2kk.jpg,https://i.etsystatic.com/67240768/r/il/55e79f/8347096632/il_fullxfull.8347096632_1rn2.jpg,https://i.etsystatic.com/67240768/r/il/59877c/8347096612/il_fullxfull.8347096612_edrh.jpg,https://i.etsystatic.com/67240768/r/il/504b42/8394983939/il_fullxfull.8394983939_8b0f.jpg,https://i.etsystatic.com/67240768/r/il/a6365a/8347096986/il_fullxfull.8347096986_oico.jpg,https://i.etsystatic.com/67240768/r/il/5ab9ea/8347097858/il_fullxfull.8347097858_tl0i.jpg,https://i.etsystatic.com/67240768/r/il/860254/8394985215/il_fullxfull.8394985215_eyqb.jpg,https://i.etsystatic.com/67240768/r/il/6f9346/8347097834/il_fullxfull.8347097834_m66s.jpg,https://i.etsystatic.com/67240768/r/il/3f7861/8347097848/il_fullxfull.8347097848_7jo0.jpg,FJC0012 | 4-5
3 CT Oval Lab Grown Diamond Hidden Halo Engagement Ring 14K White Gold IGI Certified,"3CT Oval Cut Lab Grown Diamond Ring | Hidden Halo Engagement Ring | Pavé Diamond Band | IGI Certified | 14K White Gold Proposal Ring

💎 Handcrafted & Made to Order
Every piece we make is done to order right here in our Surat workshop. We never grab pre-made items off a shelf. Our team casts the metal and sets your stones one by one, which means your jewelry gets a proper, secure setting that can handle everyday life. If you need an engagement ring or just want a new piece for yourself, we put it together the right way.
━━━━━━━━━━━━━━━━━━

💎 Center Stone Specifications
* Category: Lab Grown Diamond
* Shape: 3 CT OVAL 
* Color: E
* Clarity: VVS2
* Cut: Excellent
* Polish & Symmetry: Excellent
* Certificate: IGI
━━━━━━━━━━━━━━━━━━
Side Stones :
Total Carat Weight - 0.50 Carat
Shape - Round Brilliant
Color - E
Clarity - VVS2

🏆 Metal Options
✓ 10K Solid Gold
✓ 14K Solid Gold
✓ 18K Solid Gold

Available Colors:
🟡 Yellow Gold | ⚪ White Gold | 🩷 Rose Gold

Silver Option:
✓ 935 Argentium Silver
━━━━━━━━━━━━━━━━━━

🎨 Customize Your Design
We handle both loose diamond sourcing and finished custom jewelry in-house, so changing up a design is no problem at all.

✔️ Want a bigger center stone?
✔️ Need a different prong style?
✔️ Looking for a matching band?
✔️ Need help sourcing a specific stone?
✔️ Want a totally new custom design?

Send over a message and we can work out the details.
━━━━━━━━━━━━━━━━━━

🚚 Production & Delivery
⏱️ Crafting Time: Give us 7 to 12 business days to make it.
🌎 Delivery: Secure shipping anywhere in the world.
🎁 Packaging: Arrives packed and ready to gift.
━━━━━━━━━━━━━━━━━━

📋 Cancellations & Returns
* Canceled within 3 hours: 10% fee applies.
* Canceled after 6 hours: 20% fee applies.
* Returns: Let us know within 7 days of delivery. Keep in mind that anything custom-made, personalized, or engraved is a final sale.
━━━━━━━━━━━━━━━━━━

❤️ About Floksy Jewel
Floksy Jewel is an actual manufacturing workshop based in Surat. We do not use middlemen. We source the loose lab-grown and natural diamonds ourselves, and we cast and polish the final custom jewelry right here. That means you get the piece straight from the source.

📩 Reach out if you need advice on picking a stone or want to start a custom build!",4573,USD,10,"Engagement_Ring,Wedding_Ring,Anniversary_Gift,Lab_Grown_Diamond,Gift_For_Her,Free_Engraving,Handmade_Jewelery,14K_Gold,Vintage_Ring,Prong_Setting_Ring,IGI_Certified,promise_ring,Oval_ring","14k,10k,18k,Gold vermeil,Gold filled,Solid gold,Gold plated,Yellow gold,Rose gold,White gold,Silver,Diamond",https://i.etsystatic.com/67240768/r/il/378c1f/8341501510/il_fullxfull.8341501510_11ey.jpg,https://i.etsystatic.com/67240768/r/il/2373d0/8389376693/il_fullxfull.8389376693_ln6i.jpg,https://i.etsystatic.com/67240768/r/il/a5acb6/8389376713/il_fullxfull.8389376713_oog2.jpg,https://i.etsystatic.com/67240768/r/il/2c9a75/8341491728/il_fullxfull.8341491728_tmxv.jpg,https://i.etsystatic.com/67240768/r/il/575391/8389376663/il_fullxfull.8389376663_5lcu.jpg,https://i.etsystatic.com/67240768/r/il/f01ca0/8389376671/il_fullxfull.8389376671_dc9w.jpg,https://i.etsystatic.com/67240768/r/il/d38323/8389376705/il_fullxfull.8389376705_gpu4.jpg,https://i.etsystatic.com/67240768/r/il/5c40b6/8341491730/il_fullxfull.8341491730_6th1.jpg,https://i.etsystatic.com/67240768/r/il/54cc29/8341491736/il_fullxfull.8341491736_wnj0.jpg,,FJC0011 | 4-5
4.50 CT Oval Cut Lab Grown Diamond Ring | Hidden Halo Engagement Ring | Pavé Diamond Band | IGI Certified | 14K White Gold Proposal Ring,"4.50 CT Oval Cut Lab Grown Diamond Ring | Hidden Halo Engagement Ring | Pavé Diamond Band | IGI Certified | 14K White Gold Proposal Ring

💎 Handcrafted & Made to Order
Every piece we make is done to order right here in our Surat workshop. We never grab pre-made items off a shelf. Our team casts the metal and sets your stones one by one, which means your jewelry gets a proper, secure setting that can handle everyday life. If you need an engagement ring or just want a new piece for yourself, we put it together the right way.
━━━━━━━━━━━━━━━━━━

💎 Center Stone Specifications
* Category: Lab Grown Diamond
* Shape: 4 CT OVAL 
* Color: E
* Clarity: VVS2
* Cut: Excellent
* Polish & Symmetry: Excellent
* Certificate: IGI
━━━━━━━━━━━━━━━━━━
Side Stones :
Total Carat Weight - 0.50 Carat
Shape - Round Brilliant
Color - E
Clarity - VVS2

🏆 Metal Options
✓ 10K Solid Gold
✓ 14K Solid Gold
✓ 18K Solid Gold

Available Colors:
🟡 Yellow Gold | ⚪ White Gold | 🩷 Rose Gold

Silver Option:
✓ 935 Argentium Silver
━━━━━━━━━━━━━━━━━━

🎨 Customize Your Design
We handle both loose diamond sourcing and finished custom jewelry in-house, so changing up a design is no problem at all.

✔️ Want a bigger center stone?
✔️ Need a different prong style?
✔️ Looking for a matching band?
✔️ Need help sourcing a specific stone?
✔️ Want a totally new custom design?

Send over a message and we can work out the details.
━━━━━━━━━━━━━━━━━━

🚚 Production & Delivery
⏱️ Crafting Time: Give us 7 to 12 business days to make it.
🌎 Delivery: Secure shipping anywhere in the world.
🎁 Packaging: Arrives packed and ready to gift.
━━━━━━━━━━━━━━━━━━

📋 Cancellations & Returns
* Canceled within 3 hours: 10% fee applies.
* Canceled after 6 hours: 20% fee applies.
* Returns: Let us know within 7 days of delivery. Keep in mind that anything custom-made, personalized, or engraved is a final sale.
━━━━━━━━━━━━━━━━━━

❤️ About Floksy Jewel
Floksy Jewel is an actual manufacturing workshop based in Surat. We do not use middlemen. We source the loose lab-grown and natural diamonds ourselves, and we cast and polish the final custom jewelry right here. That means you get the piece straight from the source.

📩 Reach out if you need advice on picking a stone or want to start a custom build!",4883,USD,10,"Engagement_Ring,Wedding_Ring,Anniversary_Gift,Lab_Grown_Diamond,Gift_For_Her,Free_Engraving,Handmade_Jewelery,14K_Gold,Vintage_Ring,Prong_Setting_Ring,IGI_Certified,promise_ring,Oval_ring","14k,10k,18k,Gold vermeil,Gold filled,Solid gold,Gold plated,Yellow gold,Rose gold,White gold,Silver,Diamond",https://i.etsystatic.com/67240768/r/il/8c5154/8341430396/il_fullxfull.8341430396_djym.jpg,https://i.etsystatic.com/67240768/r/il/3f2bdc/8341424324/il_fullxfull.8341424324_cdq1.jpg,https://i.etsystatic.com/67240768/r/il/cbb512/8341424376/il_fullxfull.8341424376_nzls.jpg,https://i.etsystatic.com/67240768/r/il/5160dd/8389309919/il_fullxfull.8389309919_8ebf.jpg,https://i.etsystatic.com/67240768/r/il/6ecc62/8389309917/il_fullxfull.8389309917_t2tn.jpg,https://i.etsystatic.com/67240768/r/il/9eef75/8389309899/il_fullxfull.8389309899_o4qv.jpg,https://i.etsystatic.com/67240768/r/il/9cd4f3/8341424374/il_fullxfull.8341424374_6ouz.jpg,https://i.etsystatic.com/67240768/r/il/cedc9d/8389309981/il_fullxfull.8389309981_qc8z.jpg,,,FJC0010 | 4-5
3.50 Carat Round Lab Grown Diamond Three Stone Ring | White Gold Bridal Engagement IGI Certified,"3.50 Carat Round Lab Grown Diamond Three Stone Engagement Ring | Classic White Gold Bridal Ring | IGI Certified

💎 Handcrafted & Made to Order
Every piece we make is done to order right here in our Surat workshop. We never grab pre-made items off a shelf. Our team casts the metal and sets your stones one by one, which means your jewelry gets a proper, secure setting that can handle everyday life. If you need an engagement ring or just want a new piece for yourself, we put it together the right way.
━━━━━━━━━━━━━━━━━━

💎 Center Stone Specifications
* Category: Lab Grown Diamond
* Shape:3.5 CT ROUND 
* Color: E
* Clarity: VVS2
* Cut: Excellent
* Polish & Symmetry: Excellent
* Certificate: IGI
━━━━━━━━━━━━━━━━━━
Side Stones :
Total Carat Weight - 0.50 Carat
Shape - Three Stone Tapered Baguettes
Color - E
Clarity - VVS2

🏆 Metal Options
✓ 10K Solid Gold
✓ 14K Solid Gold
✓ 18K Solid Gold

Available Colors:
🟡 Yellow Gold | ⚪ White Gold | 🩷 Rose Gold

Silver Option:
✓ 935 Argentium Silver
━━━━━━━━━━━━━━━━━━

🎨 Customize Your Design
We handle both loose diamond sourcing and finished custom jewelry in-house, so changing up a design is no problem at all.

✔️ Want a bigger center stone?
✔️ Need a different prong style?
✔️ Looking for a matching band?
✔️ Need help sourcing a specific stone?
✔️ Want a totally new custom design?

Send over a message and we can work out the details.
━━━━━━━━━━━━━━━━━━

🚚 Production & Delivery
⏱️ Crafting Time: Give us 7 to 12 business days to make it.
🌎 Delivery: Secure shipping anywhere in the world.
🎁 Packaging: Arrives packed and ready to gift.
━━━━━━━━━━━━━━━━━━

📋 Cancellations & Returns
* Canceled within 3 hours: 10% fee applies.
* Canceled after 6 hours: 20% fee applies.
* Returns: Let us know within 7 days of delivery. Keep in mind that anything custom-made, personalized, or engraved is a final sale.
━━━━━━━━━━━━━━━━━━

❤️ About Floksy Jewel
Floksy Jewel is an actual manufacturing workshop based in Surat. We do not use middlemen. We source the loose lab-grown and natural diamonds ourselves, and we cast and polish the final custom jewelry right here. That means you get the piece straight from the source.

📩 Reach out if you need advice on picking a stone or want to start a custom build!",4603,USD,10,"Engagement_Ring,Wedding_Ring,Anniversary_Gift,Lab_Grown_Diamond,Gift_For_Her,Free_Engraving,Handmade_Jewelery,14K_Gold,Vintage_Ring,Prong_Setting_Ring,IGI_Certified,promise_ring,ROUND_diamond_ring","14k,10k,18k,Gold vermeil,Gold filled,Solid gold,Gold plated,Yellow gold,Rose gold,White gold,Silver,Diamond",https://i.etsystatic.com/67240768/r/il/b5adb8/8341336344/il_fullxfull.8341336344_5ek6.jpg,https://i.etsystatic.com/67240768/r/il/e27215/8341357152/il_fullxfull.8341357152_qzru.jpg,https://i.etsystatic.com/67240768/r/il/6200e7/8341355622/il_fullxfull.8341355622_sp53.jpg,https://i.etsystatic.com/67240768/r/il/1da947/8341332310/il_fullxfull.8341332310_arpl.jpg,https://i.etsystatic.com/67240768/r/il/8ec155/8341332300/il_fullxfull.8341332300_fmdl.jpg,https://i.etsystatic.com/67240768/r/il/15a2e5/8341332306/il_fullxfull.8341332306_lfoh.jpg,https://i.etsystatic.com/67240768/r/il/deba90/8341332304/il_fullxfull.8341332304_szhj.jpg,,,,FJC0009 | 4-5
"Oval Lab Grown Diamond Engagement Ring | Split Shank Pavé Cathedral, White Gold, IGI Certified","Oval Lab Grown Diamond Engagement Ring 7.50 CT | Split Shank Pavé Cathedral Ring | White Gold Gift | IGI Certified Oval Diamond Ring

💎 Handcrafted & Made to Order
Every piece we make is done to order right here in our Surat workshop. We never grab pre-made items off a shelf. Our team casts the metal and sets your stones one by one, which means your jewelry gets a proper, secure setting that can handle everyday life. If you need an engagement ring or just want a new piece for yourself, we put it together the right way.
━━━━━━━━━━━━━━━━━━

💎 Center Stone Specifications
* Category: Lab Grown Diamond
* Shape: 7 CT OVAL 
* Color: E
* Clarity: VVS2
* Cut: Excellent
* Polish & Symmetry: Excellent
* Certificate: IGI
━━━━━━━━━━━━━━━━━━
Side Stones :
Total Carat Weight - 0.50 Carat
Shape - Round Brilliant
Color - E
Clarity - VVS2

🏆 Metal Options
✓ 10K Solid Gold
✓ 14K Solid Gold
✓ 18K Solid Gold

Available Colors:
🟡 Yellow Gold | ⚪ White Gold | 🩷 Rose Gold

Silver Option:
✓ 935 Argentium Silver
━━━━━━━━━━━━━━━━━━

🎨 Customize Your Design
We handle both loose diamond sourcing and finished custom jewelry in-house, so changing up a design is no problem at all.

✔️ Want a bigger center stone?
✔️ Need a different prong style?
✔️ Looking for a matching band?
✔️ Need help sourcing a specific stone?
✔️ Want a totally new custom design?

Send over a message and we can work out the details.
━━━━━━━━━━━━━━━━━━

🚚 Production & Delivery
⏱️ Crafting Time: Give us 7 to 12 business days to make it.
🌎 Delivery: Secure shipping anywhere in the world.
🎁 Packaging: Arrives packed and ready to gift.
━━━━━━━━━━━━━━━━━━

📋 Cancellations & Returns
* Canceled within 3 hours: 10% fee applies.
* Canceled after 6 hours: 20% fee applies.
* Returns: Let us know within 7 days of delivery. Keep in mind that anything custom-made, personalized, or engraved is a final sale.
━━━━━━━━━━━━━━━━━━

❤️ About Floksy Jewel
Floksy Jewel is an actual manufacturing workshop based in Surat. We do not use middlemen. We source the loose lab-grown and natural diamonds ourselves, and we cast and polish the final custom jewelry right here. That means you get the piece straight from the source.

📩 Reach out if you need advice on picking a stone or want to start a custom build!",5833,USD,10,"Engagement_Ring,Wedding_Ring,Anniversary_Gift,Lab_Grown_Diamond,Gift_For_Her,Free_Engraving,Handmade_Jewelery,14K_Gold,Vintage_Ring,Prong_Setting_Ring,IGI_Certified,promise_ring,Oval_ring","14k,10k,18k,Gold vermeil,Gold filled,Solid gold,Gold plated,Yellow gold,Rose gold,White gold,Silver,Diamond",https://i.etsystatic.com/67240768/r/il/550d87/8389172091/il_fullxfull.8389172091_ca1o.jpg,https://i.etsystatic.com/67240768/r/il/2ece04/8389169569/il_fullxfull.8389169569_a39v.jpg,https://i.etsystatic.com/67240768/r/il/396eff/8389169581/il_fullxfull.8389169581_29zk.jpg,https://i.etsystatic.com/67240768/r/il/cf8029/8389169573/il_fullxfull.8389169573_4squ.jpg,https://i.etsystatic.com/67240768/r/il/ac4aa9/8341285242/il_fullxfull.8341285242_jeyd.jpg,https://i.etsystatic.com/67240768/r/il/003499/8341285306/il_fullxfull.8341285306_ab8d.jpg,,,,,FJC0008 | 4-5
"2CT Pear Cut Lab Grown Diamond Engagement Ring, 14K Gold Solitaire Wedding Ring","2CT PEAR  Cut Lab Grown Diamond Engagement Ring, Solitaire Promise Ring, 14K Gold Wedding Ring for Women, Bridal Jewelry

💎 Handcrafted & Made to Order
Every piece we make is done to order right here in our Surat workshop. We never grab pre-made items off a shelf. Our team casts the metal and sets your stones one by one, which means your jewelry gets a proper, secure setting that can handle everyday life. If you need an engagement ring or just want a new piece for yourself, we put it together the right way.
━━━━━━━━━━━━━━━━━━

💎 Center Stone Specifications
* Category: Lab Grown Diamond
* Shape: 2CT PEAR
* Color: E
* Clarity: VVS2
* Cut: Excellent
* Polish & Symmetry: Excellent
* Certificate: IGI
━━━━━━━━━━━━━━━━━━
🏆 Metal Options
✓ 10K Solid Gold
✓ 14K Solid Gold
✓ 18K Solid Gold

Available Colors:
🟡 Yellow Gold | ⚪ White Gold | 🩷 Rose Gold

Silver Option:
✓ 935 Argentium Silver
━━━━━━━━━━━━━━━━━━

🎨 Customize Your Design
We handle both loose diamond sourcing and finished custom jewelry in-house, so changing up a design is no problem at all.

✔️ Want a bigger center stone?
✔️ Need a different prong style?
✔️ Looking for a matching band?
✔️ Need help sourcing a specific stone?
✔️ Want a totally new custom design?

Send over a message and we can work out the details.
━━━━━━━━━━━━━━━━━━

🚚 Production & Delivery
⏱️ Crafting Time: Give us 7 to 12 business days to make it.
🌎 Delivery: Secure shipping anywhere in the world.
🎁 Packaging: Arrives packed and ready to gift.
━━━━━━━━━━━━━━━━━━

📋 Cancellations & Returns
* Canceled within 3 hours: 10% fee applies.
* Canceled after 6 hours: 20% fee applies.
* Returns: Let us know within 7 days of delivery. Keep in mind that anything custom-made, personalized, or engraved is a final sale.
━━━━━━━━━━━━━━━━━━

❤️ About Floksy Jewel
Floksy Jewel is an actual manufacturing workshop based in Surat. We do not use middlemen. We source the loose lab-grown and natural diamonds ourselves, and we cast and polish the final custom jewelry right here. That means you get the piece straight from the source.

📩 Reach out if you need advice on picking a stone or want to start a custom build!",4209,USD,10,"Engagement_Ring,Wedding_Ring,Anniversary_Gift,Lab_Grown_Diamond,Gift_For_Her,Free_Engraving,Handmade_Jewelery,14K_Gold,Vintage_Ring,Prong_Setting_Ring,IGI_Certified,promise_ring,Pear_shape_ring","14k,10k,18k,Gold vermeil,Gold filled,Solid gold,Gold plated,Yellow gold,Rose gold,White gold,Silver,Diamond",https://i.etsystatic.com/67240768/r/il/b3ebbb/8389118471/il_fullxfull.8389118471_hpdy.jpg,https://i.etsystatic.com/67240768/r/il/e4961d/8341232648/il_fullxfull.8341232648_bfoo.jpg,https://i.etsystatic.com/67240768/r/il/23c71a/8341232688/il_fullxfull.8341232688_snl8.jpg,https://i.etsystatic.com/67240768/r/il/4d765a/8389117373/il_fullxfull.8389117373_hr1z.jpg,https://i.etsystatic.com/67240768/r/il/401a85/8389117387/il_fullxfull.8389117387_eges.jpg,https://i.etsystatic.com/67240768/r/il/3bddc6/8389117283/il_fullxfull.8389117283_35oq.jpg,https://i.etsystatic.com/67240768/r/il/7c5709/8389117379/il_fullxfull.8389117379_i2p5.jpg,https://i.etsystatic.com/67240768/r/il/bc4663/8389117547/il_fullxfull.8389117547_9l0w.jpg,https://i.etsystatic.com/67240768/r/il/d90938/8341232852/il_fullxfull.8341232852_trns.jpg,https://i.etsystatic.com/67240768/r/il/321544/8341232854/il_fullxfull.8341232854_qqis.jpg,FJC0007 | 4-5
"5ct Radiant Cut Lab Grown Diamond Ring, 14K White Gold Bubble Band, Hidden Halo Engagement (IGI Certified)","5ct Radiant Cut Lab grown diamond Ring, 14K White Gold Bubble Band, Hidden Halo Engagement Ring IGI certificate diamond 

💎 Handcrafted & Made to Order
Every piece we make is done to order right here in our Surat workshop. We never grab pre-made items off a shelf. Our team casts the metal and sets your stones one by one, which means your jewelry gets a proper, secure setting that can handle everyday life. If you need an engagement ring or just want a new piece for yourself, we put it together the right way.
━━━━━━━━━━━━━━━━━━

💎 Center Stone Specifications
* Category: Lab Grown Diamond
* Shape: 5 CT Radiant
* Color: E
* Clarity: VVS2
* Cut: Excellent
* Polish & Symmetry: Excellent
* Certificate: IGI
━━━━━━━━━━━━━━━━━━
• Side Stones Shape :- Brilliant Round 
• Stone Type :- CVD-HTHP Diamond
• Stone Weight :- 1.06 Carat
• Color :- F
• Clarity :- VS
━━━━━━━━━━━━━━━━━━
🏆 Metal Options
✓ 10K Solid Gold
✓ 14K Solid Gold
✓ 18K Solid Gold

Available Colors:
🟡 Yellow Gold | ⚪ White Gold | 🩷 Rose Gold

Silver Option:
✓ 935 Argentium Silver
━━━━━━━━━━━━━━━━━━

🎨 Customize Your Design
We handle both loose diamond sourcing and finished custom jewelry in-house, so changing up a design is no problem at all.

✔️ Want a bigger center stone?
✔️ Need a different prong style?
✔️ Looking for a matching band?
✔️ Need help sourcing a specific stone?
✔️ Want a totally new custom design?

Send over a message and we can work out the details.
━━━━━━━━━━━━━━━━━━

🚚 Production & Delivery
⏱️ Crafting Time: Give us 7 to 12 business days to make it.
🌎 Delivery: Secure shipping anywhere in the world.
🎁 Packaging: Arrives packed and ready to gift.
━━━━━━━━━━━━━━━━━━

📋 Cancellations & Returns
* Canceled within 3 hours: 10% fee applies.
* Canceled after 6 hours: 20% fee applies.
* Returns: Let us know within 7 days of delivery. Keep in mind that anything custom-made, personalized, or engraved is a final sale.
━━━━━━━━━━━━━━━━━━

❤️ About Floksy Jewel
Floksy Jewel is an actual manufacturing workshop based in Surat. We do not use middlemen. We source the loose lab-grown and natural diamonds ourselves, and we cast and polish the final custom jewelry right here. That means you get the piece straight from the source.

📩 Reach out if you need advice on picking a stone or want to start a custom build!",5250,USD,10,"Engagement_Ring,Wedding_Ring,Anniversary_Gift,Lab_Grown_Diamond,Gift_For_Her,Free_Engraving,Handmade_Jewelery,14K_Gold,Vintage_Ring,Prong_Setting_Ring,IGI_Certified,Princess_RING,SOLITIRE_RING","14k,10k,18k,Gold vermeil,Gold filled,Solid gold,Gold plated,Yellow gold,Rose gold,White gold,Silver,Diamond",https://i.etsystatic.com/67240768/r/il/52e26e/8389044185/il_fullxfull.8389044185_nw5b.jpg,https://i.etsystatic.com/67240768/r/il/465924/8389044723/il_fullxfull.8389044723_idw9.jpg,https://i.etsystatic.com/67240768/r/il/821780/8389044721/il_fullxfull.8389044721_i2ic.jpg,https://i.etsystatic.com/67240768/r/il/af6787/8341159966/il_fullxfull.8341159966_e3ak.jpg,https://i.etsystatic.com/67240768/r/il/b2bf36/8341159964/il_fullxfull.8341159964_s2kb.jpg,https://i.etsystatic.com/67240768/r/il/a6bd2d/8341159952/il_fullxfull.8341159952_blmq.jpg,https://i.etsystatic.com/67240768/r/il/ca272a/8341160386/il_fullxfull.8341160386_2594.jpg,,,,FJC0006 | 4-5
4 Carat Emerald Cut Lab Grown Diamond Stud Earrings | IGI Certified 14K Gold,"4 Carat Total Weight Emerald Cut Lab Grown Diamond Earrings | IGI Certified | Statement Studs | 14K Gold | Elegant Bridal Gift

💎 Handcrafted & Made to Order
Every piece we make is done to order right here in our Surat workshop. We never grab pre-made items off a shelf. Our team casts the metal and sets your stones one by one, which means your jewelry gets a proper, secure setting that can handle everyday life. If you need an engagement ring or just want a new piece for yourself, we put it together the right way.
━━━━━━━━━━━━━━━━━━

💎 Center Stone Specifications
* Category: Lab Grown Diamond
* Shape: 3CT Princess
* Color: E
* Clarity: VVS2
* Cut: Excellent
* Polish & Symmetry: Excellent
* Certificate: IGI
━━━━━━━━━━━━━━━━━━
🏆 Metal Options
✓ 10K Solid Gold
✓ 14K Solid Gold
✓ 18K Solid Gold

Available Colors:
🟡 Yellow Gold | ⚪ White Gold | 🩷 Rose Gold

Silver Option:
✓ 935 Argentium Silver
━━━━━━━━━━━━━━━━━━

🎨 Customize Your Design
We handle both loose diamond sourcing and finished custom jewelry in-house, so changing up a design is no problem at all.

✔️ Want a bigger center stone?
✔️ Need a different prong style?
✔️ Looking for a matching band?
✔️ Need help sourcing a specific stone?
✔️ Want a totally new custom design?

Send over a message and we can work out the details.
━━━━━━━━━━━━━━━━━━

🚚 Production & Delivery
⏱️ Crafting Time: Give us 7 to 12 business days to make it.
🌎 Delivery: Secure shipping anywhere in the world.
🎁 Packaging: Arrives packed and ready to gift.
━━━━━━━━━━━━━━━━━━

📋 Cancellations & Returns
* Canceled within 3 hours: 10% fee applies.
* Canceled after 6 hours: 20% fee applies.
* Returns: Let us know within 7 days of delivery. Keep in mind that anything custom-made, personalized, or engraved is a final sale.
━━━━━━━━━━━━━━━━━━

❤️ About Floksy Jewel
Floksy Jewel is an actual manufacturing workshop based in Surat. We do not use middlemen. We source the loose lab-grown and natural diamonds ourselves, and we cast and polish the final custom jewelry right here. That means you get the piece straight from the source.

📩 Reach out if you need advice on picking a stone or want to start a custom build!",4524,USD,10,"Anniversary_Gift,Lab_Grown_Diamond,Gift_For_Her,Free_Engraving,Handmade_Jewelery,14K_Gold,Vintage_Ring,Prong_Setting_Ring,IGI_Certified,emerald_earrings,stud_earrings,IGI_DIAMOND_EARRING,Gift_for_wife","14k,10k,18k,Gold vermeil,Gold filled,Solid gold,Gold plated,Yellow gold,Rose gold,White gold,Silver,Diamond",https://i.etsystatic.com/67240768/r/il/0b5021/8384787007/il_fullxfull.8384787007_iu1f.jpg,https://i.etsystatic.com/67240768/r/il/fe82c6/8336898774/il_fullxfull.8336898774_h7gp.jpg,https://i.etsystatic.com/67240768/r/il/c37e14/8384785971/il_fullxfull.8384785971_o7pq.jpg,https://i.etsystatic.com/67240768/r/il/f132dd/8384785989/il_fullxfull.8384785989_kbnb.jpg,https://i.etsystatic.com/67240768/r/il/95c946/8336898700/il_fullxfull.8336898700_9fc6.jpg,,,,,,FJC0002 | 4-5
"3 Carat Princess Cut Lab Diamond Engagement Ring, 18K White Gold Split Shank Solitaire","3 Carat Princess Cut Lab Diamond Engagement Ring,18K White Gold Solitaire Split Shank ,14K Gold Solitaire Ring,Luxury Bridal Jewelry for Her

💎 Handcrafted & Made to Order
Every piece we make is done to order right here in our Surat workshop. We never grab pre-made items off a shelf. Our team casts the metal and sets your stones one by one, which means your jewelry gets a proper, secure setting that can handle everyday life. If you need an engagement ring or just want a new piece for yourself, we put it together the right way.
━━━━━━━━━━━━━━━━━━

💎 Center Stone Specifications
* Category: Lab Grown Diamond
* Shape: 3CT Princess
* Color: E
* Clarity: VVS2
* Cut: Excellent
* Polish & Symmetry: Excellent
* Certificate: IGI
━━━━━━━━━━━━━━━━━━
🏆 Metal Options
✓ 10K Solid Gold
✓ 14K Solid Gold
✓ 18K Solid Gold

Available Colors:
🟡 Yellow Gold | ⚪ White Gold | 🩷 Rose Gold

Silver Option:
✓ 935 Argentium Silver
━━━━━━━━━━━━━━━━━━

🎨 Customize Your Design
We handle both loose diamond sourcing and finished custom jewelry in-house, so changing up a design is no problem at all.

✔️ Want a bigger center stone?
✔️ Need a different prong style?
✔️ Looking for a matching band?
✔️ Need help sourcing a specific stone?
✔️ Want a totally new custom design?

Send over a message and we can work out the details.
━━━━━━━━━━━━━━━━━━

🚚 Production & Delivery
⏱️ Crafting Time: Give us 7 to 12 business days to make it.
🌎 Delivery: Secure shipping anywhere in the world.
🎁 Packaging: Arrives packed and ready to gift.
━━━━━━━━━━━━━━━━━━

📋 Cancellations & Returns
* Canceled within 3 hours: 10% fee applies.
* Canceled after 6 hours: 20% fee applies.
* Returns: Let us know within 7 days of delivery. Keep in mind that anything custom-made, personalized, or engraved is a final sale.
━━━━━━━━━━━━━━━━━━

❤️ About Floksy Jewel
Floksy Jewel is an actual manufacturing workshop based in Surat. We do not use middlemen. We source the loose lab-grown and natural diamonds ourselves, and we cast and polish the final custom jewelry right here. That means you get the piece straight from the source.

📩 Reach out if you need advice on picking a stone or want to start a custom build!",4524,USD,10,"Engagement_Ring,Wedding_Ring,Anniversary_Gift,Lab_Grown_Diamond,Gift_For_Her,Free_Engraving,Handmade_Jewelery,14K_Gold,Vintage_Ring,Prong_Setting_Ring,IGI_Certified,Princess_RING,SOLITIRE_RING","14k,10k,18k,Gold vermeil,Gold filled,Solid gold,Gold plated,Yellow gold,Rose gold,White gold,Silver,Diamond",https://i.etsystatic.com/67240768/r/il/50add7/8336860822/il_fullxfull.8336860822_ry2w.jpg,https://i.etsystatic.com/67240768/r/il/725e79/8384748449/il_fullxfull.8384748449_dw97.jpg,https://i.etsystatic.com/67240768/r/il/1af722/8384748443/il_fullxfull.8384748443_qcpg.jpg,https://i.etsystatic.com/67240768/r/il/6c9fb5/8384748477/il_fullxfull.8384748477_cj6r.jpg,https://i.etsystatic.com/67240768/r/il/146f64/8384748499/il_fullxfull.8384748499_r6z6.jpg,,,,,,FJC005 | 4-5
"2CT Marquise Cut Lab Diamond Engagement Ring, 14K Gold Solitaire Bridal Ring","2CT Marquise Cut Lab Grown Diamond Engagement Ring, Solitaire Promise Ring, 14K Gold Wedding Ring for Women, Bridal Jewelry

💎 Handcrafted & Made to Order
Every piece we make is done to order right here in our Surat workshop. We never grab pre-made items off a shelf. Our team casts the metal and sets your stones one by one, which means your jewelry gets a proper, secure setting that can handle everyday life. If you need an engagement ring or just want a new piece for yourself, we put it together the right way.
━━━━━━━━━━━━━━━━━━

💎 Center Stone Specifications
* Category: Lab Grown Diamond
* Shape: 2CT MARQUES 
* Color: E
* Clarity: VVS2
* Cut: Excellent
* Polish & Symmetry: Excellent
* Certificate: IGI
━━━━━━━━━━━━━━━━━━
🏆 Metal Options
✓ 10K Solid Gold
✓ 14K Solid Gold
✓ 18K Solid Gold

Available Colors:
🟡 Yellow Gold | ⚪ White Gold | 🩷 Rose Gold

Silver Option:
✓ 935 Argentium Silver
━━━━━━━━━━━━━━━━━━

🎨 Customize Your Design
We handle both loose diamond sourcing and finished custom jewelry in-house, so changing up a design is no problem at all.

✔️ Want a bigger center stone?
✔️ Need a different prong style?
✔️ Looking for a matching band?
✔️ Need help sourcing a specific stone?
✔️ Want a totally new custom design?

Send over a message and we can work out the details.
━━━━━━━━━━━━━━━━━━

🚚 Production & Delivery
⏱️ Crafting Time: Give us 7 to 12 business days to make it.
🌎 Delivery: Secure shipping anywhere in the world.
🎁 Packaging: Arrives packed and ready to gift.
━━━━━━━━━━━━━━━━━━

📋 Cancellations & Returns
* Canceled within 3 hours: 10% fee applies.
* Canceled after 6 hours: 20% fee applies.
* Returns: Let us know within 7 days of delivery. Keep in mind that anything custom-made, personalized, or engraved is a final sale.
━━━━━━━━━━━━━━━━━━

❤️ About Floksy Jewel
Floksy Jewel is an actual manufacturing workshop based in Surat. We do not use middlemen. We source the loose lab-grown and natural diamonds ourselves, and we cast and polish the final custom jewelry right here. That means you get the piece straight from the source.

📩 Reach out if you need advice on picking a stone or want to start a custom build!",4209,USD,10,"Engagement_Ring,Wedding_Ring,Anniversary_Gift,Lab_Grown_Diamond,Gift_For_Her,Free_Engraving,Handmade_Jewelery,14K_Gold,Vintage_Ring,Prong_Setting_Ring,IGI_Certified,Marquise_ring,promise_ring","14k,10k,18k,Gold vermeil,Gold filled,Solid gold,Gold plated,Yellow gold,Rose gold,White gold,Silver,Diamond",https://i.etsystatic.com/67240768/r/il/7025cc/8384700707/il_fullxfull.8384700707_e5ht.jpg,https://i.etsystatic.com/67240768/r/il/391c89/8384699111/il_fullxfull.8384699111_27vj.jpg,https://i.etsystatic.com/67240768/r/il/f3e442/8336812172/il_fullxfull.8336812172_axbl.jpg,https://i.etsystatic.com/67240768/r/il/a1ebf8/8336812166/il_fullxfull.8336812166_nrm0.jpg,,,,,,,FJC0004 | 4-5
5 Carat Elongated Radiant Lab Grown Diamond Engagement Ring | Three Stone 14K Gold,"5 Carat Radiant Lab Grown Diamond Engagement Ring | Three Stone | IGI Certified | Trapezoid & Round Side Stones | 14K Gold

💎 Handcrafted & Made to Order
Every piece we make is done to order right here in our Surat workshop. We never grab pre-made items off a shelf. Our team casts the metal and sets your stones one by one, which means your jewelry gets a proper, secure setting that can handle everyday life. If you need an engagement ring or just want a new piece for yourself, we put it together the right way.
━━━━━━━━━━━━━━━━━━

💎 Center Stone Specifications
* Category: Lab Grown Diamond
* Shape: Radiant Cut | Approx. ( 5 CT )
* Side Stone :  1.00 Carat Total Side Stones 
* Color: E
* Clarity: VVS 1
* Cut: Excellent
* Polish & Symmetry: Excellent
* Certificate: IGI
━━━━━━━━━━━━━━━━━━
🏆 Metal Options
✓ 10K Solid Gold
✓ 14K Solid Gold
✓ 18K Solid Gold

Available Colors:
🟡 Yellow Gold | ⚪ White Gold | 🩷 Rose Gold

Silver Option:
✓ 935 Argentium Silver
━━━━━━━━━━━━━━━━━━

🎨 Customize Your Design
We handle both loose diamond sourcing and finished custom jewelry in-house, so changing up a design is no problem at all.

✔️ Want a bigger center stone?
✔️ Need a different prong style?
✔️ Looking for a matching band?
✔️ Need help sourcing a specific stone?
✔️ Want a totally new custom design?

Send over a message and we can work out the details.
━━━━━━━━━━━━━━━━━━

🚚 Production & Delivery
⏱️ Crafting Time: Give us 7 to 12 business days to make it.
🌎 Delivery: Secure shipping anywhere in the world.
🎁 Packaging: Arrives packed and ready to gift.
━━━━━━━━━━━━━━━━━━

📋 Cancellations & Returns
* Canceled within 3 hours: 10% fee applies.
* Canceled after 6 hours: 20% fee applies.
* Returns: Let us know within 7 days of delivery. Keep in mind that anything custom-made, personalized, or engraved is a final sale.
━━━━━━━━━━━━━━━━━━

❤️ About Floksy Jewel
Floksy Jewel is an actual manufacturing workshop based in Surat. We do not use middlemen. We source the loose lab-grown and natural diamonds ourselves, and we cast and polish the final custom jewelry right here. That means you get the piece straight from the source.

📩 Reach out if you need advice on picking a stone or want to start a custom build!",4681,USD,10,"Engagement_Ring,Wedding_Ring,Anniversary_Gift,Lab_Grown_Diamond,Gift_For_Her,Radiant_Cut_Ring,Three_Stone_ring,Free_Engraving,Handmade_Jewelery,14K_Gold,Vintage_Ring,Prong_Setting_Ring,IGI_Certified","14k,10k,18k,Gold vermeil,Gold filled,Solid gold,Gold plated,Yellow gold,Rose gold,White gold,Silver,Diamond",https://i.etsystatic.com/67240768/r/il/eb1e0d/8384538429/il_fullxfull.8384538429_8esx.jpg,https://i.etsystatic.com/67240768/r/il/323b75/8336649416/il_fullxfull.8336649416_63v7.jpg,https://i.etsystatic.com/67240768/r/il/416260/8367352406/il_fullxfull.8367352406_jsgf.jpg,https://i.etsystatic.com/67240768/r/il/3b8666/8367352642/il_fullxfull.8367352642_bavw.jpg,https://i.etsystatic.com/67240768/r/il/802441/8415233039/il_fullxfull.8415233039_ahgw.jpg,https://i.etsystatic.com/67240768/r/il/653224/8376262626/il_fullxfull.8376262626_pb98.jpg,https://i.etsystatic.com/67240768/r/il/00fe5f/8424135641/il_fullxfull.8424135641_1oy6.jpg,https://i.etsystatic.com/67240768/r/il/51a6b2/8424135609/il_fullxfull.8424135609_kx51.jpg,https://i.etsystatic.com/67240768/r/il/df4c28/8376262624/il_fullxfull.8376262624_ewnd.jpg,https://i.etsystatic.com/67240768/r/il/02d9dc/8424135649/il_fullxfull.8424135649_enzk.jpg,FJC0003 | 4-5
"2 CT Radiant Cut Lab Grown Engagement Ring, 14K White Gold Pave Setting Ring","2 CT Radiant Cut Lab Grown Engagement Ring, 14K White Gold Wedding Ring, Pave Setting Accent Side Stone Solitaire Promise Ring, Bridal Ring.

💎 Handcrafted & Made to Order
Every piece we make is done to order right here in our Surat workshop. We never grab pre-made items off a shelf. Our team casts the metal and sets your stones one by one, which means your jewelry gets a proper, secure setting that can handle everyday life. If you need an engagement ring or just want a new piece for yourself, we put it together the right way.
━━━━━━━━━━━━━━━━━━

💎 Center Stone Specifications
* Category: Lab Grown Diamond
* Shape: Radiant Cut | Approx. ( 2 CT )
* Side Stone : Accent Stone
* Color: Fancy Intense Pink
* Clarity: VVS 1
* Cut: Excellent
* Polish & Symmetry: Excellent
* Certificate: IGI
━━━━━━━━━━━━━━━━━━
🏆 Metal Options
✓ 10K Solid Gold
✓ 14K Solid Gold
✓ 18K Solid Gold

Available Colors:
🟡 Yellow Gold | ⚪ White Gold | 🩷 Rose Gold

Silver Option:
✓ 935 Argentium Silver
━━━━━━━━━━━━━━━━━━

🎨 Customize Your Design
We handle both loose diamond sourcing and finished custom jewelry in-house, so changing up a design is no problem at all.

✔️ Want a bigger center stone?
✔️ Need a different prong style?
✔️ Looking for a matching band?
✔️ Need help sourcing a specific stone?
✔️ Want a totally new custom design?

Send over a message and we can work out the details.
━━━━━━━━━━━━━━━━━━

🚚 Production & Delivery
⏱️ Crafting Time: Give us 7 to 12 business days to make it.
🌎 Delivery: Secure shipping anywhere in the world.
🎁 Packaging: Arrives packed and ready to gift.
━━━━━━━━━━━━━━━━━━

📋 Cancellations & Returns
* Canceled within 3 hours: 10% fee applies.
* Canceled after 6 hours: 20% fee applies.
* Returns: Let us know within 7 days of delivery. Keep in mind that anything custom-made, personalized, or engraved is a final sale.
━━━━━━━━━━━━━━━━━━

❤️ About Floksy Jewel
Floksy Jewel is an actual manufacturing workshop based in Surat. We do not use middlemen. We source the loose lab-grown and natural diamonds ourselves, and we cast and polish the final custom jewelry right here. That means you get the piece straight from the source.

📩 Reach out if you need advice on picking a stone or want to start a custom build!",4315,USD,10,"Engagement_Ring,Wedding_Ring,Anniversary_Gift,Lab_Grown_Diamond,Gift_For_Her,Radiant_Cut_Ring,Three_Stone_ring,Free_Engraving,Handmade_Jewelery,14K_Gold,Vintage_Ring,Prong_Setting_Ring,IGI_Certified","14k,10k,18k,Gold vermeil,Gold filled,Solid gold,Gold plated,Yellow gold,Rose gold,White gold,Silver,Diamond",https://i.etsystatic.com/67240768/r/il/3f6ce1/8381276999/il_fullxfull.8381276999_iwlx.jpg,https://i.etsystatic.com/67240768/r/il/f82af0/8333273842/il_fullxfull.8333273842_ijte.jpg,https://i.etsystatic.com/67240768/r/il/0e8ef0/8333271358/il_fullxfull.8333271358_lcbq.jpg,https://i.etsystatic.com/67240768/r/il/671e21/8381159177/il_fullxfull.8381159177_hlft.jpg,,,,,,,FJC0001 | 4-5
